"n°UAI de l'établissement";"Libellé de l'établissement";"Région";;;"Taux";"Taux attendu";"Valeur ajoutée";
"0010826T";"Centre de Formation d'Apprentis du CECOF Bernard Palissy";"AUVERGNE-RHONE-ALPES";;39;62;61;2;69
"0010856A";"ASSOCIATION POUR LA FORMATION ET LA PROMOTION DES METIERS DE L'AIN";"AUVERGNE-RHONE-ALPES";;40;69;74;-6;78
"0010965U";"Centre de Formation d'Apprentis du BTP de l'Ain";"AUVERGNE-RHONE-ALPES";;43;68;70;-1;73
"0021739E";"CFA BTP CFA 02";"HAUTS-DE-FRANCE";;40;51;61;-10;62
"0021923E";"CFA de l'Aisne";"HAUTS-DE-FRANCE";;35;54;50;5;60
"0030124U";"Centre de formation d'apprentis - Institut de formation interprofessionnel de l'Allier";"AUVERGNE-RHONE-ALPES";;42;52;55;-2;62
"0030126W";"Centre de formation d'apprentis - Ecole des métiers du bâtiment";"AUVERGNE-RHONE-ALPES";;38;62;63;-2;65
"0030993N";"Centre de formation d'apprentis agricoles et horticoles de Moulins-Neuville";"AUVERGNE-RHONE-ALPES";;27;57;59;-2;63
"0031030D";"Centre de Formation d'Apprentis de l'Industrie d'Auvergne";"AUVERGNE-RHONE-ALPES";;;;;;
"0031067U";"centre form prof promo agricoles de moulins";"AUVERGNE-RHONE-ALPES";;26;53;61;-8;60
"0031127J";"Organisme de formation-Centre de Formation d'Apprentis d'Alternance Auvergne, Montluçon";"AUVERGNE-RHONE-ALPES";;;;;;
"0040161D";"CFA CAMPUS DE DIGNE";"PROVENCE-ALPES-COTE D'AZUR";;36;55;55;-1;62
"0040548Z";"Site de foramtion d'apprentis de Sup'alternance provence de Manosque";"PROVENCE-ALPES-COTE D'AZUR";;54;54;54;-1;82
"0040578G";"SPORT ET FORMATION";"PROVENCE-ALPES-COTE D'AZUR";;;;;;
"0050503V";"CFA Régional des Métiers et de l'Artisanat Campus de Gap";"PROVENCE-ALPES-COTE D'AZUR";;30;58;60;-2;66
"0060862E";"Ctre de formation d'apprentis Inst. de form. pharmacie et santé";"PROVENCE-ALPES-COTE D'AZUR";;35;62;64;-1;65
"0060916N";"Ctre de formation d'apprentis bâtiment et TP des AM";"PROVENCE-ALPES-COTE D'AZUR";;37;55;59;-4;56
"0060918R";"Ctre de formation d'apprentis inst de formation automobile";"PROVENCE-ALPES-COTE D'AZUR";;29;62;62;0;64
"0060920T";"Ctre de formation régional d'apprentis Faculté des métiers";"PROVENCE-ALPES-COTE D'AZUR";;30;55;56;-1;68
"0061603K";"CFA régional PACA";"PROVENCE-ALPES-COTE D'AZUR";;26;50;49;1;58
"0061909T";"Ctre de formation d'apprentis Métropole Côte d'Azur";"PROVENCE-ALPES-COTE D'AZUR";;33;57;57;-1;59
"0061931S";"Section d'apprentissage Leon Chiris";"PROVENCE-ALPES-COTE D'AZUR";;;;;;
"0062087L";"CFA rég. Infosupaca";"PROVENCE-ALPES-COTE D'AZUR";;41;67;55;12;58
"0062093T";"Ctre de formation d'apprentis régional Don Bosco";"PROVENCE-ALPES-COTE D'AZUR";;22;52;61;-9;63
"0062176H";"Ctre de formation d'apprentis de l'académie de Nice GIP FIPAN";"PROVENCE-ALPES-COTE D'AZUR";;20;48;52;-4;58
"0062201K";"Organisme formation-Centre de formation d'apprentis UFIP Nice";"PROVENCE-ALPES-COTE D'AZUR";;;;;;
"0062202L";"Organisme de formation-Centre de formation d'apprentis du centre de formations aux métiers de la petite enfance Nice";"PROVENCE-ALPES-COTE D'AZUR";;;;;;
"0070876P";"CFA Ardèche Nord SEPR";"AUVERGNE-RHONE-ALPES";;41;67;59;7;76
"0071199R";"CFA Lanas - André Fargier";"AUVERGNE-RHONE-ALPES";;32;47;52;-5;57
"0071376H";"CFA - ADAPSS";"AUVERGNE-RHONE-ALPES";;34;74;79;-6;78
"0080842X";"ALMEA FORMATION Interpro Ardennes";"GRAND EST";;38;43;51;-7;53
"0080972N";"Centre de Formation d'Apprentis Agricole des Ardennes";"GRAND EST";;35;46;55;-9;58
"0081065P";"Centre de Formation d'Apprentis Agricole Saint-Laurent";"GRAND EST";;34;49;49;1;59
"0081125E";"Centre de Formation d'Apprentis de l'Académie de Reims";"GRAND EST";;22;64;64;0;69
"0081137T";"CFA BTP GRAND EST LORRAINE  DES ARDENNES";"GRAND EST";;48;63;67;-4;68
"0081150G";"OF - Centre de formation de la Salle";"GRAND EST";;;;;;
"0090553C";"Centre de Formation d'Apprentis de la Chambre de Métiers de l'Ariège";"OCCITANIE";;35;50;54;-3;57
"0100715Y";"Alméa Formations Interpro 10";"GRAND EST";;34;54;52;1;62
"0100824S";"CFA BTP GRAND EST LORRAINE de l'Aube";"GRAND EST";;47;60;62;-2;66
"0100948B";"Centre de Formation d'Apprentis de St Pouange";"GRAND EST";;30;56;56;0;63
"0101035W";"Centre de Formation d'Apprentis de la pharmacie de Troyes";"GRAND EST";;15;83;73;10;84
"0101143N";"OF Sylvia Terrade apprentissage G-E Troyes";"GRAND EST";;;;;;
"0101144P";"Offre de formation et d'apprentissage SAS BL Formation";"GRAND EST";;;;;;
"0110681F";"Centre de formation d'apprentis Interprofessionnel Henri Martin";"OCCITANIE";;38;53;59;-6;65
"0110884B";"Centre de formation d'apprentis BTP de l'Aude";"OCCITANIE";;38;55;59;-4;61
"0110943R";"CFA de l'Aude";"OCCITANIE";;23;51;52;-1;53
"0111003F";"Centre de formation d'apprentis Spécialisé Languedoc-Roussillon";"OCCITANIE";;57;22;34;-12;32
"0111009M";"Section d'apprentissage privée du collège privé Saint-Joseph";"OCCITANIE";;;;;;
"0111060T";"Centre de formation d'apprentis de l'Education nationale Interdépartemental de l'Aude et des Pyrénées-Orientales";"OCCITANIE";;27;64;65;-2;76
"0120887Z";"Centre de formation d'apprentis Chambre des metiers de l'Aveyron";"OCCITANIE";;42;58;62;-4;67
"0121358L";"Centre de formation des apprentis agricole de l'Aveyron   EPLA de Villefranche de Rouergue";"OCCITANIE";;27;57;63;-6;62
"0121371A";"Greta Midi-Pyrénées Nord";"OCCITANIE";;;;;;
"0121479T";"CFA de Saint Affrique";"OCCITANIE";;26;81;69;12;85
"0131767A";"CFA MUNICIPAL DE SALON DE PROVENCE";"PROVENCE-ALPES-COTE D'AZUR";;28;62;54;9;65
"0131772F";"Centre de formation d'apprentis du BTP Marseille";"PROVENCE-ALPES-COTE D'AZUR";;40;58;59;-1;63
"0131775J";"Centre de Formation de la Bourse du Travail";"PROVENCE-ALPES-COTE D'AZUR";;26;47;51;-4;52
"0131779N";"CFA de la pharmacie Marseille Provence";"PROVENCE-ALPES-COTE D'AZUR";;15;74;75;-1;77
"0131781R";"CFA de la Coiffure Roger Para";"PROVENCE-ALPES-COTE D'AZUR";;41;50;56;-6;50
"0131782S";"CFA INSUDTRIE DE PROVENCE";"PROVENCE-ALPES-COTE D'AZUR";;25;67;69;-2;74
"0131784U";"Sainte Victoire Pays d'Aix";"PROVENCE-ALPES-COTE D'AZUR";;63;62;54;8;65
"0131786W";"CFA METIERS DE L'AUTOMOBILE";"PROVENCE-ALPES-COTE D'AZUR";;31;62;64;-2;67
"0131903Y";"CFA DE LA COIFFURE ARCOLE";"PROVENCE-ALPES-COTE D'AZUR";;47;;;;
"0132469N";"CFA DU BATIMENT ET TRAVAUX PUBLICS";"PROVENCE-ALPES-COTE D'AZUR";;39;55;63;-7;61
"0132470P";"CFA INTERPROFESSIONNEL COROT";"PROVENCE-ALPES-COTE D'AZUR";;24;56;50;6;62
"0133004V";"CFA DU TRANSPORT ET DE LA LOGISTIQUE (AFTRAL)";"PROVENCE-ALPES-COTE D'AZUR";;11;70;68;2;73
"0133339J";"CFA DE LA CITE TECHNIQUE";"PROVENCE-ALPES-COTE D'AZUR";;21;56;59;-2;65
"0133475G";"CFA DES COMPAGNONS DU DEVOIR";"PROVENCE-ALPES-COTE D'AZUR";;41;65;61;5;64
"0133486U";"Centre de Formation des Apprentis Interfed Santé Social";"PROVENCE-ALPES-COTE D'AZUR";;3;47;45;2;51
"0133489X";"CFA EPURE MEDITERRANEE";"PROVENCE-ALPES-COTE D'AZUR";;48;52;58;-6;58
"0133509U";"FEDERATION REGIONALE DE MFR";"PROVENCE-ALPES-COTE D'AZUR";;23;52;49;3;60
"0133527N";"CFA régional interconsulaire méditerranée";"PROVENCE-ALPES-COTE D'AZUR";;21;58;60;-2;59
"0133535X";"CFA des métiers hippiques";"PROVENCE-ALPES-COTE D'AZUR";;6;74;69;6;74
"0133549M";"CFA BANQUE FINANCE";"PROVENCE-ALPES-COTE D'AZUR";;15;74;68;7;74
"0133565E";"Formaposte Sud Est";"PROVENCE-ALPES-COTE D'AZUR";;13;59;57;3;64
"0133597P";"INHNI SUD EST";"PROVENCE-ALPES-COTE D'AZUR";;51;44;46;-2;50
"0133622S";"ASSOCIATION REGIONALE POUR LA FORMATION PAR L APPRENTISSAGE AUX METIERS DU SPORT DU TOURISME ET DE L ANIMATION (A.R.F.A.M.S.T.A)";"PROVENCE-ALPES-COTE D'AZUR";;11;;;;
"0133645S";"Ecole de la construction des infrastructures et réseaux APPRENTISSAGE";"PROVENCE-ALPES-COTE D'AZUR";;33;74;72;2;79
"0133690R";"CFA METIER DU SOCIAL";"PROVENCE-ALPES-COTE D'AZUR";;4;27;39;-12;25
"0133864E";"CFA FORMATION ADAPTEE";"PROVENCE-ALPES-COTE D'AZUR";;55;;;;
"0133927Y";"CFA BTP ARLES";"PROVENCE-ALPES-COTE D'AZUR";;42;58;60;-2;59
"0133929A";"REGIONAL DE L'ACADEMIE D'AIX-MARSEILLE";"PROVENCE-ALPES-COTE D'AZUR";;29;55;56;-1;63
"0133963M";"regional des metiers de l'environnement et du developpement durable";"PROVENCE-ALPES-COTE D'AZUR";;37;58;64;-6;50
"0134105S";"centre de formation d'apprentis des métiers du spectacle";"PROVENCE-ALPES-COTE D'AZUR";;0;60;48;12;31
"0134179X";"Centre de formation d'apprentis POLYVIA FORMATION MARSEILLE-Provence Alpes-Côtes-d'Azur";"PROVENCE-ALPES-COTE D'AZUR";;;;;;
"0134280G";"sarl GROUPE SOMEFORM";"PROVENCE-ALPES-COTE D'AZUR";;;;;;
"0134294X";"Provence Formation des Métiers des Services";"PROVENCE-ALPES-COTE D'AZUR";;;;;;
"0134295Y";"FDM GROUPE";"PROVENCE-ALPES-COTE D'AZUR";;;;;;
"0134297A";"FCR de Marseille";"PROVENCE-ALPES-COTE D'AZUR";;;;;;
"0134299C";"ALTERNANCE EXXECC";"PROVENCE-ALPES-COTE D'AZUR";;;;;;
"0134302F";"IFCO";"PROVENCE-ALPES-COTE D'AZUR";;;;;;
"0134305J";"ALTERNANCE AZUR";"PROVENCE-ALPES-COTE D'AZUR";;;;;;
"0134308M";"ESTC";"PROVENCE-ALPES-COTE D'AZUR";;;;;;
"0141300M";"Centre de formations des apprentis CIFAC Caen";"NORMANDIE";;40;68;66;2;74
"0141601P";"Centre de formation des apprentis du batîment Jean Hochet Caen";"NORMANDIE";;50;68;64;4;69
"0141815X";"Organisme de formation-Centre de formation d'apprentis Institut Consulaire d'Enseignement Professionnel ICEP CAEN";"NORMANDIE";;35;57;58;-1;73
"0141941J";"CFA Le Robillard";"NORMANDIE";;35;79;67;12;84
"0142106N";"Centre de Formation d'Apprentis CFAI Grand Ouest Normandie Caen";"NORMANDIE";;32;72;72;-1;75
"0142180U";"CFA de Vire";"NORMANDIE";;30;;;;
"0142220M";"centre de formation d'aprentis transport logistique -Aftral Normandie";"NORMANDIE";;27;60;66;-6;72
"0142248T";"Association de gestion de l'Ecole Supérieure des Services AE2SE";"NORMANDIE";;;;;;
"0142269R";"centre form apprentis san et soc san  et soc  basse-normandie";"NORMANDIE";;11;64;52;12;64
"0142321X";"ADEN FORMATIONS EESTP CAEN";"NORMANDIE";;;;;;
"0142368Y";"CFA public de l'enseignement supérieur de Caen Normandie";"NORMANDIE";;59;72;66;5;74
"0142390X";"centre de formation d apprentis sport animation tourisme norma";"NORMANDIE";;24;;;;
"0142400H";"centre de formation d apprentis don bosco";"NORMANDIE";;17;65;73;-9;71
"0142418C";"CFA des MFR de Normandie";"NORMANDIE";;20;61;57;4;72
"0142433U";"Organisme de formation-Centre de formation d'apprentis CPNLT Clecy";"NORMANDIE";;;;;;
"0142435W";"Organisme de formation-Centre de formation d'apprentis camp academy elite normandie training LOUVIGNY";"NORMANDIE";;;;;;
"0150605B";"Centre de formation d'apprentis du bâtiment et travaux publics Georges Boché";"AUVERGNE-RHONE-ALPES";;41;69;68;1;71
"0150640P";"Institut de formation professionnelle et permanente";"AUVERGNE-RHONE-ALPES";;45;69;62;7;73
"0150716X";"Centre de formation d'apprentis Agricole et Forestier du Cantal";"AUVERGNE-RHONE-ALPES";;27;;;;
"0150755P";"centre form prof promo agricoles aurillac";"AUVERGNE-RHONE-ALPES";;22;68;70;-2;69
"0150788A";"Organisme de formation-Centre de Formation d'Apprentis de l'école Christian Vabret - Boulangerie - Pâtisserie - Cuisine, Aurillac";"AUVERGNE-RHONE-ALPES";;;;;;
"0160756K";"CFA Chambre de metiers et artisanat de la Charente";"NOUVELLE-AQUITAINE";;40;57;58;-1;65
"0160757L";"CFA de la Chambre de commerce et d'industrie de la Charente";"NOUVELLE-AQUITAINE";;32;64;63;1;70
"0161077J";"CFA de la Charente";"NOUVELLE-AQUITAINE";;36;68;56;12;72
"0161212F";"Ctr formation apprentis BTP CFA Charente";"NOUVELLE-AQUITAINE";;50;69;64;4;71
"0171183U";"Site de formation d'apprentis du Centre de formation de Lagord";"NOUVELLE-AQUITAINE";;37;59;60;-1;71
"0171208W";"Centre de formation d'apprentis Commerce de Saintes";"NOUVELLE-AQUITAINE";;29;63;63;0;72
"0171209X";"CFA BTP de la Charente-Maritime";"NOUVELLE-AQUITAINE";;46;61;64;-3;69
"0171401F";"CFA de la Charente Maritime";"NOUVELLE-AQUITAINE";;26;63;56;7;67
"0171438W";"CFA CIPECMA";"NOUVELLE-AQUITAINE";;22;58;61;-3;69
"0171465A";"CFA des Compagnons du devoir";"NOUVELLE-AQUITAINE";;34;76;66;10;81
"0171503S";"Centre de formation continue Alternance Sud Atlantique - Groupe Rochefort";"NOUVELLE-AQUITAINE";;;;;;
"0171591M";"CFA de Surgères";"NOUVELLE-AQUITAINE";;41;79;68;11;79
"0180755Y";"Centre de Formation d'Apprentis du Cher";"CENTRE-VAL DE LOIRE";;38;62;59;2;69
"0180847Y";"CFA du Cher";"CENTRE-VAL DE LOIRE";;28;60;64;-4;68
"0190721F";"CFA EIMCL 13 VENTS TULLE";"NOUVELLE-AQUITAINE";;42;56;60;-4;66
"0190767F";"CFA PREPARATEURS EN PHARMACIE BRIVE LA GAILLARDE";"NOUVELLE-AQUITAINE";;16;74;75;-1;76
"0190807Z";"CENTRE DE FORMATION D'APPRENTIS INCLUSIF NOUVELLE AQUITAINRE";"NOUVELLE-AQUITAINE";;38;;;;
"0190832B";"CFA de la Corrèze - Brive";"NOUVELLE-AQUITAINE";;37;60;55;4;70
"0190847T";"CFAI LIMOUSIN-SITE DE TULLE";"NOUVELLE-AQUITAINE";;24;78;73;5;80
"0190849V";"CFA BATIMENT TULLE";"NOUVELLE-AQUITAINE";;44;70;69;1;75
"0195041B";"CFA EFIATP EGLETONS";"NOUVELLE-AQUITAINE";;20;89;77;12;96
"0195059W";"ORGANISME DE FORMATION-CENTRE DE FORMATION D'APPRENTIS DE IFHCO USSEL";"NOUVELLE-AQUITAINE";;;;;;
"0211181V";"c f a de la pharmacie";"BOURGOGNE-FRANCHE-COMTE";;16;86;83;3;88
"0211479U";"ECOLE DES METIERS DIJON METROPOLE";"BOURGOGNE-FRANCHE-COMTE";;36;60;60;0;64
"0211799S";"CFA Dijon Quétigny";"BOURGOGNE-FRANCHE-COMTE";;32;51;59;-8;60
"0211800T";"CFA Beaune";"BOURGOGNE-FRANCHE-COMTE";;24;62;61;1;63
"0211948D";"AFTRAL CFATL DIJON";"BOURGOGNE-FRANCHE-COMTE";;31;51;63;-12;61
"0212000K";"CFA REGIONAL DES COMPAGNONS DU DEVOIR ET DU TOUR DE FRANCE";"BOURGOGNE-FRANCHE-COMTE";;51;73;66;8;73
"0212052S";"CFA SAINT BENIGNE";"BOURGOGNE-FRANCHE-COMTE";;32;71;67;4;77
"0212057X";"CFA des MFR de Bourgogne";"BOURGOGNE-FRANCHE-COMTE";;26;69;66;2;72
"0212096P";"CFA DES TRAVAUX PUBLICS";"BOURGOGNE-FRANCHE-COMTE";;38;;;;
"0212109D";"CFA SAINT JOSEPH";"BOURGOGNE-FRANCHE-COMTE";;32;;;;
"0212114J";"CFA LES ARCADES";"BOURGOGNE-FRANCHE-COMTE";;13;21;32;-12;21
"0212115K";"IFRIA Bourgogne";"BOURGOGNE-FRANCHE-COMTE";;71;;;;
"0212183J";"FORMAPI";"BOURGOGNE-FRANCHE-COMTE";;35;;;;
"0212193V";"Centre de formation d'apprentis Polyvia Formation Dijon - Bourgogne Franche-Comté";"BOURGOGNE-FRANCHE-COMTE";;;;;;
"0212196Y";"ECOLE SUPERIEURE DE LA BANQUE";"BOURGOGNE-FRANCHE-COMTE";;64;;;;
"0212197Z";"CFA SUP BOURGOGNE";"BOURGOGNE-FRANCHE-COMTE";;52;81;69;12;77
"0212220Z";"Cfa sanitaire social et médico-social de Bourgogne";"BOURGOGNE-FRANCHE-COMTE";;4;73;61;12;76
"0212243Z";"CFA DE L'EDUCATION NATIONALE EN BOURGOGNE";"BOURGOGNE-FRANCHE-COMTE";;23;69;66;3;73
"0221072W";"CFA CMA Bretagne - Campus de Ploufragan";"BRETAGNE";;41;65;65;0;73
"0221588G";"CFA Bâtiment 22";"BRETAGNE";;48;68;67;1;70
"0221804S";"CFA DE CAULNES";"BRETAGNE";;20;;;;
"0221835A";"CFA Pôle Formation des Industries";"BRETAGNE";;29;77;73;4;81
"0221880Z";"CFA DE MERDRIGNAC";"BRETAGNE";;39;71;61;10;77
"0221943T";"CFA de l'Association régionale pour la formation par apprentissage aux métiers du secteur sanitaire, social et médico-social";"BRETAGNE";;3;48;45;3;49
"0230412Y";"CFA CHAMBRE COMMERCE INDUS CREUSE";"NOUVELLE-AQUITAINE";;50;;;;
"0230553B";"CFA de la Creuse";"NOUVELLE-AQUITAINE";;27;50;55;-6;58
"0240038L";"Centre de formation d'apprentis du Grand Bergeracois";"NOUVELLE-AQUITAINE";;35;42;50;-8;54
"0240051A";"Centre de formation d'apprentis du bâtiment et des travaux publics de la Dordogne";"NOUVELLE-AQUITAINE";;43;65;63;2;70
"0240061L";"Site de formation d'apprentis de la chambre des métiers et de l'artisanat de région Nouvelle Aquitaine - CFA des Métiers de Boulazac";"NOUVELLE-AQUITAINE";;48;61;62;-1;71
"0241056T";"Centre de formation d'apprentis Ecoles CCI de la Dordogne-";"NOUVELLE-AQUITAINE";;34;51;58;-7;64
"0241099P";"CFA de la Dordogne";"NOUVELLE-AQUITAINE";;28;62;58;5;63
"0241197W";"Centre interprofessionnel de formation des apprentis de PME de Bergerac (CIFA)";"NOUVELLE-AQUITAINE";;37;65;66;-1;67
"0241235M";"Centre de formation d'apprentis transport, logistique et voyageurs (TLV) de Bergerac";"NOUVELLE-AQUITAINE";;13;62;63;-1;62
"0241262S";"Centre de Formation au travail sanitaire et social - ADAPSSA Bergerac";"NOUVELLE-AQUITAINE";;13;62;58;4;71
"0241264U";"Centre de formations d'apprentis - Lycées publics des Périgords";"NOUVELLE-AQUITAINE";;20;68;69;-1;73
"0251124L";"CFA régional de la pharmacie";"BOURGOGNE-FRANCHE-COMTE";;14;83;82;1;84
"0251519R";"CFA Hilaire de Chardonnet";"BOURGOGNE-FRANCHE-COMTE";;40;62;60;2;66
"0251643A";"CFA du Doubs";"BOURGOGNE-FRANCHE-COMTE";;22;;;;
"0251749R";"CFA du pays de Montbéliard";"BOURGOGNE-FRANCHE-COMTE";;39;47;52;-5;54
"0251750S";"CFA de l'Industrie sud Franche-Comté";"BOURGOGNE-FRANCHE-COMTE";;34;62;67;-4;66
"0251780Z";"CFA Académique de Franche-Comté";"BOURGOGNE-FRANCHE-COMTE";;28;67;68;-1;67
"0251824X";"CFA des MFR de France-Comté";"BOURGOGNE-FRANCHE-COMTE";;30;;;;
"0251829C";"AFTRAL CFA transport et Logistique de Franche-Comté";"BOURGOGNE-FRANCHE-COMTE";;9;72;74;-2;80
"0251853D";"CFPPA de Mamirolle";"BOURGOGNE-FRANCHE-COMTE";;;;;;
"0251891V";"FCF ARGOS";"BOURGOGNE-FRANCHE-COMTE";;;;;;
"0251897B";"Ecole des travaux publics Bourgogne Franche-Comté";"BOURGOGNE-FRANCHE-COMTE";;49;67;68;0;81
"0251933R";"Institut Supérieur d'Apprentissage de Franche-Comté";"BOURGOGNE-FRANCHE-COMTE";;24;82;69;12;78
"0251934S";"Centre de formation d'apprentis A.S.P.E.C.T";"BOURGOGNE-FRANCHE-COMTE";;22;68;65;3;71
"0251945D";"CFA Industriel nord Franche-Comté";"BOURGOGNE-FRANCHE-COMTE";;33;55;65;-10;62
"0251962X";"CFA Sup FC";"BOURGOGNE-FRANCHE-COMTE";;63;;;;
"0261035J";"BTP CFA Drôme Ardèche - Bâtipôle";"AUVERGNE-RHONE-ALPES";;40;67;64;3;73
"0261036K";"CFA CFMDA Centre formation multi pro Drôme Ardèche";"AUVERGNE-RHONE-ALPES";;41;64;59;5;71
"0261155P";"Greta Viva 5";"AUVERGNE-RHONE-ALPES";;52;;;;
"0261253W";"CFA CCID";"AUVERGNE-RHONE-ALPES";;30;60;61;-1;63
"0261509Z";"IFC VALENCE";"AUVERGNE-RHONE-ALPES";;;;;;
"0271124A";"Centre de formation d'apprentis interconsulaire de l'Eure - AIDAMCIE - CFAIE";"NORMANDIE";;43;56;57;-1;60
"0271177H";"Bâtiment CFA Evreux";"NORMANDIE";;50;62;67;-5;66
"0271415S";"Centre de formation d'apprentis industriel de l'Eure";"NORMANDIE";;33;66;70;-4;76
"0271473E";"Centre de formation d'apprentis agricole de l'Eure";"NORMANDIE";;30;;;;
"0271635F";"Centre de formation d'apprentis agricole horticole de l'Eure";"NORMANDIE";;37;59;52;8;70
"0271691S";"Centre de formation d'apprentis Ecole supérieure de la CCI Portes de Normandie";"NORMANDIE";;38;66;67;-2;74
"0271724C";"Centre de promotion sociale en élevage";"NORMANDIE";;21;;;;
"0280738A";"Centre de Formation d'Apprentis Interprofessionnel 28";"CENTRE-VAL DE LOIRE";;45;58;60;-2;66
"0281041E";"CFA de l'Eure et Loir";"CENTRE-VAL DE LOIRE";;31;62;61;1;69
"0291100N";"CFA Bâtiment 29";"BRETAGNE";;41;65;67;-2;76
"0291792R";"IFAC-CCI MBO Campus des métiers";"BRETAGNE";;41;61;64;-3;68
"0291915Z";"CFA CMA Bretagne - Campus de Quimper";"BRETAGNE";;39;64;63;0;72
"0292009B";"CFA DE HANVEC";"BRETAGNE";;35;38;50;-12;51
"0292039J";"Ecole technique privée ESCAM";"BRETAGNE";;;;;;
"0292099Z";"CFA DIFCAM Quimper";"BRETAGNE";;46;35;47;-12;58
"0292159P";"CFA Institut nautique Concarneau";"BRETAGNE";;24;45;57;-12;71
"0292167Y";"INSTITUT SUPERIEUR DE FORMATION FRUITS ET LEGUMES";"BRETAGNE";;44;67;67;0;80
"0292194C";"Institut de formation régionale des Industries agro-alimentaires";"BRETAGNE";;18;74;70;4;79
"0301365W";"Greta du Gard";"OCCITANIE";;;;;;
"0301435X";"CFA du Gard";"OCCITANIE";;38;49;58;-9;61
"0301567R";"Centre de formation d'apprentis des Compagnons du Devoirs et du Tour de France Languedoc-Roussillon";"OCCITANIE";;49;63;58;5;66
"0301629H";"Centre de formation d'apprentis de la Chambre de Métiers et de l'Artisanat de la Région Occitanie - CMAR Occitanie";"OCCITANIE";;34;57;56;2;65
"0301633M";"CFA régional des MFR";"OCCITANIE";;32;50;53;-4;63
"0301649E";"Centre de formation d'apprentis Emmanuel d'Alzon";"OCCITANIE";;34;54;61;-7;62
"0301685U";"Centre de formation d'apprentis de l'Education nationale du Gard";"OCCITANIE";;33;70;71;-1;82
"0301690Z";"Section d'apprentissage privée du lycée polyvalent privé de La Salle";"OCCITANIE";;6;83;71;12;90
"0301760A";"Section d'apprentissage privée du lycée professionnel Sainte Marie";"OCCITANIE";;24;63;64;-1;79
"0301786D";"Centre de formation d'apprentis BTP du Gard";"OCCITANIE";;36;61;58;2;64
"0301856E";"Organisme de formation-Centre de formation d'apprentis de SARL Alternance Languedoc, Nîmes";"OCCITANIE";;;;;;
"0311341P";"CFA BTP Occitanie - Sites de Toulouse et Muret";"OCCITANIE";;34;62;63;-1;65
"0311348X";"Centre de formation d'apprentis du comminges";"OCCITANIE";;32;;;;
"0311357G";"Centre de formation d'apprentis de la phamarcie";"OCCITANIE";;15;84;79;5;82
"0311375B";"Centre de formation d'apprentis coiffure esthétique Jasmin";"OCCITANIE";;31;61;63;-2;67
"0311716X";"Centre de formation d'apprentis de l'Industrie Midi-Pyrénées";"OCCITANIE";;31;69;70;-2;76
"0311717Y";"Centre de formation d'apprentis commerce et services";"OCCITANIE";;25;52;54;-2;59
"0311729L";"Centre de formation d'apprentis  Ecole supérieure des métiers Chambre des métiers de la Haute-Garonne";"OCCITANIE";;40;65;63;2;71
"0311994Z";"Greta Midi-Pyrénées Centre";"OCCITANIE";;;;;;
"0312239R";"Centre de formation d'apprentis Compagnons du devoir et du Tour de France";"OCCITANIE";;35;73;64;9;75
"0312240S";"Centre de formation apprentis AFTRAL transport et logistique";"OCCITANIE";;8;72;70;2;79
"0312330P";"Centre de formation des apprentis agricole Piémont-Pyrénées   EPLA de Saint-Gaudens";"OCCITANIE";;31;41;53;-12;51
"0312331R";"CFA Toulouse Auzeville";"OCCITANIE";;20;61;58;2;67
"0312332S";"Centre de formation d'apprentis Campus IGS";"OCCITANIE";;26;65;65;-1;70
"0312424S";"Centre de formation d'apprentis Banque Finance";"OCCITANIE";;75;;;;
"0312499Y";"Mission formation continue et apprentissage Université Toulouse 3";"OCCITANIE";;71;77;65;12;82
"0312504D";"Fédération compagnonique régionale Occitanie";"OCCITANIE";;41;62;65;-3;67
"0312505E";"INSTITUT DE FORMATION REGIONAL  DES INDUSTRIES ALIMENTAIRES DE  MIDI-PYRENEES (IFRIA MIDI-PYRENEES)";"OCCITANIE";;33;61;68;-7;50
"0312606P";"CENTRE DE FORMATION D'APPRENTIS AUX METIERS DU TRAVAIL SOCIAL (IRFCES)";"OCCITANIE";;4;36;48;-12;48
"0312608S";"Section d'apprentissage privée du lycée professionnel privé AIRBUS Toulouse";"OCCITANIE";;49;87;75;12;86
"0312677S";"Centre de formation d'apprentis PROMOTRANS";"OCCITANIE";;;;;;
"0312694K";"Centre de formation d'apprentis régional de la propreté (INHNI)";"OCCITANIE";;31;49;50;-1;45
"0312702U";"Section d'apprentissage privée rattachée à l'Institut régional de formation sanitaire et sociale de la Croix Rouge";"OCCITANIE";;82;;;;
"0312713F";"Section d'apprentissage université de Toulouse 2 Jean Jaurès";"OCCITANIE";;90;;;;
"0312738H";"Association pour la promotion de l'apprentissage de l'enseignement catholique et technique Occitanie";"OCCITANIE";;22;60;61;-1;65
"0312755B";"CFA MIDISUP";"OCCITANIE";;50;;;;
"0312859P";"CENTRE DE FORMATIONS APPRENTIS FORMAPOSTE";"OCCITANIE";;31;57;62;-5;51
"0312895D";"Section d'apprentissage de l'Institut de Formation, Recherche, Animation, Sanitaire et Social";"OCCITANIE";;0;45;45;0;39
"0312912X";"Centre de formation d'apprentis de l'académie de Toulouse";"OCCITANIE";;32;65;66;0;71
"0312984A";"ORGANISME DE FORMATION - CENTRE DE FORMATION DAPPRENTIS  ADRAR - RAMONVILLE ST AGNE";"OCCITANIE";;;;;;
"0320542R";"Centre de formation d'apprentis Chambre des métiers du Gers";"OCCITANIE";;42;68;64;3;74
"0320677M";"Centre de formation d'Apprentis Agricole du Gers";"OCCITANIE";;27;45;57;-12;56
"0331707B";"Site de formation d'apprentis de la chambre des métiers et de l'artisanat de région Nouvelle Aquitaine Institut des Métiers de l'Artisanat de Bordeaux";"NOUVELLE-AQUITAINE";;35;63;59;4;68
"0331708C";"Centre de formation d'apprentis du district sud bassin";"NOUVELLE-AQUITAINE";;41;54;54;0;64
"0331712G";"Centre de formation d'apprentis Hygie Formations Pharmacie d'Aquitaine";"NOUVELLE-AQUITAINE";;6;72;71;2;72
"0331715K";"Centre de formation d'apprentis du lycée Gustave Eiffel";"NOUVELLE-AQUITAINE";;32;60;62;-2;69
"0332197J";"Centre de formation d'apprentis du bâtiment et des travaux publics de la Gironde";"NOUVELLE-AQUITAINE";;41;64;64;0;70
"0332279Y";"Centre de formation d'apprentis  Le Vigean";"NOUVELLE-AQUITAINE";;19;59;64;-5;65
"0332551U";"Centre de formation d'apprentis du transport et de la logistique Aquitaine (AFTRAL)";"NOUVELLE-AQUITAINE";;22;74;68;6;76
"0332709R";"CFA de la Gironde";"NOUVELLE-AQUITAINE";;28;55;54;1;64
"0332813D";"centre de formation d'apprentis campus du lac bordeaux";"NOUVELLE-AQUITAINE";;30;53;55;-2;64
"0332814E";"Centre de Formation d'apprentis de l'industrie (CFAI) Aquitaine";"NOUVELLE-AQUITAINE";;35;69;65;4;76
"0332882D";"Centre de formation d'apprentis compagnons du devoir de Bordeaux";"NOUVELLE-AQUITAINE";;43;68;63;5;71
"0332981L";"CFA d'Artigues";"NOUVELLE-AQUITAINE";;27;50;52;-2;61
"0333000G";"Centre de formation d'apprentis Propreté-Hygiène-Environnement (INHNI)";"NOUVELLE-AQUITAINE";;29;47;51;-4;51
"0333016Z";"Institut de formation pour l'emploi et l'entreprise noschool";"NOUVELLE-AQUITAINE";;54;65;59;6;74
"0333034U";"Site de formation d'apprentis École supérieure de la banque - Bordeaux";"NOUVELLE-AQUITAINE";;30;;;;
"0333114F";"Centre de formation d'apprentis Formaposte Midi Atlantique";"NOUVELLE-AQUITAINE";;14;65;65;0;66
"0333123R";"Centre de formation d'apprentis IFRIA Nouvelle Aquitaine";"NOUVELLE-AQUITAINE";;41;57;69;-12;70
"0333130Y";"Centre de formations d'apprentis maison de la promotion sociale - Métiers de l'environnement";"NOUVELLE-AQUITAINE";;;;;;
"0333131Z";"Centre de formation d'apprentis Multimétiers de la Haute Gironde";"NOUVELLE-AQUITAINE";;31;52;55;-3;60
"0333135D";"Centre de formation d'apprentis sport, animation Nouvelle Aquitaine";"NOUVELLE-AQUITAINE";;37;55;52;4;58
"0333199Y";"Centre de formation d'apprentis ASPECT Aquitaine";"NOUVELLE-AQUITAINE";;20;54;59;-4;61
"0333200Z";"Centre de formation d'apprentis de l'hospitalisation privée (GPFHP)";"NOUVELLE-AQUITAINE";;1;74;62;12;76
"0333204D";"Centre de formation d'apprentis Leem Apprentissage Nouvelle-Aquitaine";"NOUVELLE-AQUITAINE";;;;;;
"0333235M";"Centre de formation d'apprentis des métiers de la mer";"NOUVELLE-AQUITAINE";;;;;;
"0333288V";"Centre de formation d'apprentis A.F.P.A Aquitaine";"NOUVELLE-AQUITAINE";;18;59;49;9;59
"0333335W";"Centre de formation d'apprentis Ducretet Nouvelle-Aquitaine";"NOUVELLE-AQUITAINE";;9;61;60;1;69
"0333400S";"centre de formation d'apprentis - université de bordeaux";"NOUVELLE-AQUITAINE";;80;54;61;-8;63
"0333437G";"Organisme de formation-Centre de formation d'apprentis Groupe Conseil Ingenierie Formation Bègles";"NOUVELLE-AQUITAINE";;;;;;
"0333438H";"Organisme de formation-Centre de formations d'apprentis STADE FORMATION ARTIGUES PRES BORDEAUX";"NOUVELLE-AQUITAINE";;;;;;
"0333439J";"organisme de formation - centre de formation d'apprentis formation insertion développement des ressources humaines bordeaux";"NOUVELLE-AQUITAINE";;;;;;
"0333440K";"organisme de formation-centre de formation d'apprentis ifp bordeaux";"NOUVELLE-AQUITAINE";;;;;;
"0333444P";"organisme de formation-centre de formation d'apprentis IPCEM Bordeaux";"NOUVELLE-AQUITAINE";;;;;;
"0333460G";"organisme de formation-centre de formation d'apprentis institut d'enseignement supérieur technique bordeaux";"NOUVELLE-AQUITAINE";;;;;;
"0340994W";"IDELCA Business School";"OCCITANIE";;;;;;
"0341024D";"Centre de formation d'apprentis Nicolas Albano";"OCCITANIE";;36;58;52;6;68
"0341493N";"Centre de formation d'apprentise BTP de l'Hérault";"OCCITANIE";;40;49;55;-5;55
"0341495R";"Centre de formation d'apprentis de l'Education nationale de l'Hérault";"OCCITANIE";;28;58;64;-6;64
"0341540P";"GRETA de Montpellier Littoral";"OCCITANIE";;28;;;;
"0341541R";"Greta Hérault Ouest";"OCCITANIE";;;;;;
"0341621C";"CFA de l'Hérault";"OCCITANIE";;25;51;56;-5;60
"0341919B";"CFA Union des industries et métiers de la métallurgie (Association de Formation Professionnelle de l'Industrie Languedoc-Roussillon)";"OCCITANIE";;28;66;66;0;74
"0341979S";"Centre de formation d'apprentis de l'hospitalisation privée";"OCCITANIE";;0;59;47;12;68
"0341983W";"Centre de formation d'apprentis FORMAPOSTE Méditerranée";"OCCITANIE";;12;45;55;-10;52
"0341985Y";"Centre de formation d'apprentis Transport et Logistique, AFTRAL";"OCCITANIE";;16;68;60;8;74
"0342009Z";"Centre de formation d'apprentis Institut Formation Régional Industries Alimentaires  Languedoc-Roussillon";"OCCITANIE";;15;73;71;2;73
"0342135L";"Centre de formation d'apprentis ESMA Aviation Academy";"OCCITANIE";;21;79;67;12;79
"0342180K";"Centre de formation d'apprentis des travaux publics en Languedoc-Roussillon";"OCCITANIE";;44;75;70;4;80
"0342217A";"Centre de formation d'apprentis des Professions Sanitaires, Sociales et Médico-sociales";"OCCITANIE";;6;52;45;7;58
"0342239Z";"Centre de formation d'apprentis Sport Méditerranée";"OCCITANIE";;20;;;;
"0342258V";"Section d'apprentisssage Paul Bousquet";"OCCITANIE";;;;;;
"0342283X";"Centre de formation des apprentis des Métiers Territoriaux du Languedoc-Roussillon";"OCCITANIE";;19;22;26;-4;25
"0342306X";"Centre de formation d'apprentis Sud Tourisme";"OCCITANIE";;22;55;54;0;69
"0342307Y";"Centre de formation d'apprentis Polyvia Formation Montpellier Occitanie";"OCCITANIE";;;;;;
"0342314F";"Centre de formation Montpellier Business School";"OCCITANIE";;;;;;
"0342318K";"Centre de formation d'apprentis Purple Campus Pérols";"OCCITANIE";;31;54;56;-2;63
"0342338G";"Centre de formation d'apprentis de l'Enseignement Supérieur ASuR LR";"OCCITANIE";;65;;;;
"0342347S";"Centre de Formation d'Apprentis Institut Régional de Formation aux Métiers de l'Artisanat de l'Hérault";"OCCITANIE";;38;62;58;5;71
"0342384G";"Ctre de formation d'apprentis Transports en Commun";"OCCITANIE";;;;;;
"0342428E";"Organisme de formation-Centre de formation d apprentis de Alternance Languedoc, Montpellier";"OCCITANIE";;;;;;
"0342433K";"Organisme de formation-Centre de formation d apprentis de l'Institut des Métiers Network, Lattes";"OCCITANIE";;;;;;
"0350998V";"CFA CMA Bretagne - Faculté des Métiers Bruz";"BRETAGNE";;46;69;67;2;75
"0351002Z";"CFA Bâtiment 35";"BRETAGNE";;46;69;70;-2;73
"0351884H";"CFA de la CCI d'Ille-et-Vilaine Faculté des métiers";"BRETAGNE";;30;59;61;-2;68
"0351980M";"CFA de l'Union nationale des industries de carrières et matériaux";"BRETAGNE";;43;64;67;-3;72
"0352193U";"CFA DE ST AUBIN DU CORMIER";"BRETAGNE";;26;60;57;3;69
"0352356W";"CFA des Compagnons du Devoir";"BRETAGNE";;49;71;64;7;78
"0352382Z";"AFTEC Rennes";"BRETAGNE";;;;;;
"0352449X";"CFA Propreté INHNI";"BRETAGNE";;48;49;51;-1;54
"0352450Y";"CFA ES Banque - Site de Rennes";"BRETAGNE";;56;;;;
"0352490S";"CFA ESCCOT";"BRETAGNE";;16;66;67;-1;67
"0352492U";"CFA agricole privé MFR Bretagne";"BRETAGNE";;26;67;63;4;74
"0352496Y";"CFA  Apprendre et se Former en TRAnsport et Logistique";"BRETAGNE";;5;70;72;-2;88
"0352579N";"CFA PROMOTRANS";"BRETAGNE";;38;83;71;12;83
"0352690J";"CFA de l'Education nationale";"BRETAGNE";;28;76;74;2;77
"0352715L";"Antenne de CFA AGAEAPB";"BRETAGNE";;34;61;59;2;70
"0352822C";"Totem Formation";"BRETAGNE";;;;;;
"0352856P";"Greta-CFA Est-Bretagne";"BRETAGNE";;;;;;
"0352862W";"CFA du Sport Bretagne";"BRETAGNE";;19;60;53;7;61
"0352937C";"CFA du lycée privé Ozanam";"BRETAGNE";;;;;;
"0352949R";"OF - CFA Optima Vezin";"BRETAGNE";;;;;;
"0360548A";"CFA Chambre des métiers et de l'Artisanat du 36";"CENTRE-VAL DE LOIRE";;40;59;57;2;71
"0360766M";"CFA Agricole Départemental de l'Indre";"CENTRE-VAL DE LOIRE";;31;59;62;-3;67
"0360777Z";"Centre de Formation Supérieur d'Apprentis Campus Centre";"CENTRE-VAL DE LOIRE";;52;53;66;-12;61
"0370811F";"Campus des Métiers et de l'Artisanat";"CENTRE-VAL DE LOIRE";;39;65;62;3;70
"0370825W";"Centre de Formation d'Apprentis, La cité des Formations";"CENTRE-VAL DE LOIRE";;25;56;59;-2;65
"0371436K";"Tours Fondettes Agrocampus";"CENTRE-VAL DE LOIRE";;30;63;60;3;66
"0371437L";"Centre de Formation d'Apprentis des Compagnons du Devoir";"CENTRE-VAL DE LOIRE";;55;72;62;10;75
"0371461M";"CA.R.T.I.F.";"CENTRE-VAL DE LOIRE";;36;44;56;-12;56
"0371514V";"Centre de Formation d'Apprentis des Métiers des Industries Pharmaceutiques et Cosmétologiques";"CENTRE-VAL DE LOIRE";;30;58;68;-10;59
"0371515W";"CFA Propreté INHNI Centre";"CENTRE-VAL DE LOIRE";;30;48;51;-3;54
"0371700X";"Alternance Touraine";"CENTRE-VAL DE LOIRE";;;;;;
"0371793Y";"Organisme de formation-Centre de formation d'apprentis AFTRAL PARCAY-MESLAY";"CENTRE-VAL DE LOIRE";;;;;;
"0381861S";"CFA Institut des Métiers et des Techniques";"AUVERGNE-RHONE-ALPES";;33;68;65;3;71
"0382050X";"Ecole Supérieure Fauguer Grenoble";"AUVERGNE-RHONE-ALPES";;;;;;
"0382441X";"Organisme de formation-Centre de formation d apprentis Espace Formation des Métiers de l'Artisanat - Bourgoin Jallieu";"AUVERGNE-RHONE-ALPES";;44;69;60;9;77
"0382650Z";"Greta de Grenoble";"AUVERGNE-RHONE-ALPES";;;;;;
"0382652B";"Greta Nord Isère";"AUVERGNE-RHONE-ALPES";;;;;;
"0382896S";"Ecole Technologique privée Campus Eductive";"AUVERGNE-RHONE-ALPES";;;;;;
"0382910G";"AFTRAL CFA Transport Logistique";"AUVERGNE-RHONE-ALPES";;17;77;73;5;83
"0383091D";"CFA ADFI";"AUVERGNE-RHONE-ALPES";;35;79;74;4;82
"0383139F";"CFA IFA des Alpes";"AUVERGNE-RHONE-ALPES";;28;67;64;4;69
"0383169N";"CFA Formasup Isère Drôme Ardèche";"AUVERGNE-RHONE-ALPES";;68;58;63;-6;58
"0383173T";"CFA UNICEM";"AUVERGNE-RHONE-ALPES";;47;79;76;4;84
"0383241S";"QUALIFORMATION";"AUVERGNE-RHONE-ALPES";;;;;;
"0383249A";"BTP CFA Isère";"AUVERGNE-RHONE-ALPES";;38;68;64;4;72
"0383332R";"CFA FIPAG";"AUVERGNE-RHONE-ALPES";;32;65;62;3;71
"0383369F";"CENTRE DE FORMATION CONTINUE";"AUVERGNE-RHONE-ALPES";;;;;;
"0383426T";"CFA SPORTS ET ANIMATIONS RHONE ALPES";"AUVERGNE-RHONE-ALPES";;29;;;;
"0383493R";"Université Grenoble Alpes";"AUVERGNE-RHONE-ALPES";;;;;;
"0390799G";"CFA du Jura";"BOURGOGNE-FRANCHE-COMTE";;43;61;62;-2;70
"0391038S";"CFA du Jura";"BOURGOGNE-FRANCHE-COMTE";;37;;;;
"0391039T";"CFA Poligny";"BOURGOGNE-FRANCHE-COMTE";;43;;;;
"0400100S";"Site de formation d'apprentis de la chambre des métiers et de l'artisanat de région Nouvelle Aquitaine CFA des métiers et de l'artisanat des Landes";"NOUVELLE-AQUITAINE";;38;62;62;1;69
"0400751Z";"Centre de formation d'apprentis du bâtiment et des travaux publics des Landes";"NOUVELLE-AQUITAINE";;42;59;65;-6;70
"0400780F";"Centre de formation d'apprentis des Industries du Bois";"NOUVELLE-AQUITAINE";;;;;;
"0400781G";"Centre de formation d'apprentis des métiers de l'hôtellerie - Lycée de Borda";"NOUVELLE-AQUITAINE";;30;51;58;-7;66
"0400898J";"CFA des Landes";"NOUVELLE-AQUITAINE";;29;57;59;-1;62
"0400918F";"CFA Sabres";"NOUVELLE-AQUITAINE";;29;;;;
"0401042R";"Centre de formation d'apprentis du bois et de l'habitat - Lycée Haroun Tazieff";"NOUVELLE-AQUITAINE";;28;73;75;-2;77
"0410590U";"Centre de Formation d'Apprentis Interprofessionnel";"CENTRE-VAL DE LOIRE";;40;59;56;2;65
"0410892X";"Campus des métiers PROMOTRANS Centre Val de Loire";"CENTRE-VAL DE LOIRE";;34;63;66;-4;70
"0410955R";"CFA du Loir et Cher";"CENTRE-VAL DE LOIRE";;40;57;60;-3;69
"0411066L";"CFA pour les métiers du champ social, médico-social et sanitaire";"CENTRE-VAL DE LOIRE";;13;63;57;7;62
"0421139K";"CENTRE DE FORMATION D'APPRENTIS DU BATIMENT ET DES TRAVAUX PUBLICS LOIRE";"AUVERGNE-RHONE-ALPES";;39;70;67;3;77
"0421567A";"Organisme de formation-Centre de formation d'apprentis Institut des Métiers de Saint-Etienne";"AUVERGNE-RHONE-ALPES";;34;60;60;0;66
"0421609W";"Centre de Formation d'Apprentiss du Roannais ARPA";"AUVERGNE-RHONE-ALPES";;47;69;66;3;74
"0421831M";"Greta de la Loire";"AUVERGNE-RHONE-ALPES";;;;;;
"0421975U";"ASSOCIATION DE FORMATION DES INDUSTRIES DE LA LOIRE (AFIL)";"AUVERGNE-RHONE-ALPES";;37;83;74;9;86
"0422256Z";"INSTITUT REGIONAL UNIVERSITAIRE POLYTECHNIQUE";"AUVERGNE-RHONE-ALPES";;41;85;73;12;92
"0430844J";"INSTITUT DE FORMATION PROFESSIONNELLE 43";"AUVERGNE-RHONE-ALPES";;44;65;64;1;75
"0430855W";"CENTRE DE FORMATION AUX TECHNIQUES DU BATIMENT";"AUVERGNE-RHONE-ALPES";;45;75;70;5;82
"0430918P";"centre formation apprentis agricole";"AUVERGNE-RHONE-ALPES";;22;;;;
"0430966S";"Espace Réussite, Aiguilhe";"AUVERGNE-RHONE-ALPES";;;;;;
"0431012S";"centre form prof promo agricoles";"AUVERGNE-RHONE-ALPES";;36;70;73;-3;82
"0431037U";"CFA DES METIERS DU SPORT";"AUVERGNE-RHONE-ALPES";;8;68;59;9;77
"0431038V";"Organisme de formation-Centre de Formation d'Apprentis de DEA Formation du Puy-En-Velay";"AUVERGNE-RHONE-ALPES";;;;;;
"0440096R";"Centre de Formation d'Apprentis Fab'Academy du Pôle formation - UIMM Centre de Nantes";"PAYS DE LA LOIRE";;36;73;70;3;77
"0440333Y";"Centre de Formation d'Apprentissage Coiffure et de l'Esthétique";"PAYS DE LA LOIRE";;39;72;67;5;76
"0440334Z";"Fédération des mécaniciens chauffeurs électriciens";"PAYS DE LA LOIRE";;40;72;72;0;84
"0440342H";"GRAFIPOLIS (AFIIG)";"PAYS DE LA LOIRE";;34;56;54;2;62
"0440344K";"Site de formation d apprentis de l'URMA Loire-Atlantique - Sainte-Luce-sur-Loire";"PAYS DE LA LOIRE";;39;69;65;3;77
"0440395R";"Centre de formation d'apprentis agricole de loire-atlantique";"PAYS DE LA LOIRE";;36;62;58;5;68
"0441854B";"Centre de formation d'apprentis AFTRAL Sainte Luce sur Loire";"PAYS DE LA LOIRE";;17;73;68;5;78
"0441969B";"Centre de Formation d'Apprentis Maisons Familiales Rurales";"PAYS DE LA LOIRE";;36;73;62;11;75
"0441975H";"GRETA-CFA Loire-Alantique";"PAYS DE LA LOIRE";;;;;;
"0442096P";"Centre de Formation d'Apprentis Annexe du LPO la Joliverie";"PAYS DE LA LOIRE";;29;78;77;1;82
"0442233N";"Centre de Formation Compagnonnique des Métiers du Bâtiment";"PAYS DE LA LOIRE";;;;;;
"0442274H";"Site de formation d'apprentis de l'Ecole supérieure de la banque - Nantes";"PAYS DE LA LOIRE";;;;;;
"0442275J";"Centre de formation d'apprentis IA";"PAYS DE LA LOIRE";;32;68;67;2;73
"0442349P";"Centre de Formation d'Apprentis St Félix la Salle - OGEC Nantes Erdre";"PAYS DE LA LOIRE";;33;70;67;4;79
"0442415L";"Centre de Formation d'Apprentis FormaSup des Pays de la Loire";"PAYS DE LA LOIRE";;73;66;69;-3;68
"0442416M";"Centre de Formation d'Apprentis Bâtiment et TP de Loire-Atlantique";"PAYS DE LA LOIRE";;46;72;70;3;74
"0442574J";"Centre de formation d'apprentis éducation nationale 44";"PAYS DE LA LOIRE";;32;68;68;0;74
"0442575K";"Centre de formation d'apprentis ADAMSSE CFA";"PAYS DE LA LOIRE";;2;68;56;12;68
"0442590B";"Centre de formation d'apprentis Design et innovation";"PAYS DE LA LOIRE";;52;;;;
"0442621K";"Centre étude formation industrielle";"PAYS DE LA LOIRE";;36;77;74;3;80
"0442792W";"Centre de formation d'apprentis Sports Animation Pays de la Loire";"PAYS DE LA LOIRE";;10;;;;
"0442846E";"CFA IFRIA Nantes";"PAYS DE LA LOIRE";;62;;;;
"0442896J";"CFA de l'ESB";"PAYS DE LA LOIRE";;23;;;;
"0450805F";"Centre de Formation d'Apprentis Pharmacie";"CENTRE-VAL DE LOIRE";;12;72;78;-6;75
"0450807H";"CFA Orléans Métropole";"CENTRE-VAL DE LOIRE";;23;57;54;3;61
"0450808J";"Syndicat mixte pour le CFA Est-Loiret";"CENTRE-VAL DE LOIRE";;34;59;55;4;64
"0450809K";"CFA de la Chambre des métiers et de l'Artisanat du Loiret";"CENTRE-VAL DE LOIRE";;39;61;59;2;62
"0451335G";"Pôle d'enseignement supérieur privé Sainte Croix - Saint Euverte";"CENTRE-VAL DE LOIRE";;26;56;52;4;58
"0451418X";"Centre de Formation d'Apprentis Spécialisé Centre";"CENTRE-VAL DE LOIRE";;28;38;41;-4;39
"0451463W";"CFA du Loiret";"CENTRE-VAL DE LOIRE";;38;;;;
"0451481R";"Centre de Formation d'Apprentis AFTEC Formation";"CENTRE-VAL DE LOIRE";;33;64;65;-1;68
"0451548N";"AFTRAL";"CENTRE-VAL DE LOIRE";;;;;;
"0451566H";"Site de formation d'apprentis de École Supérieure de la Banque ORLEANS";"CENTRE-VAL DE LOIRE";;60;68;65;3;72
"0451582A";"Fédération Compagnonnique Régionale d'Orléans";"CENTRE-VAL DE LOIRE";;;;;;
"0451583B";"Centre de Formation d'Apprentis FORMASAT";"CENTRE-VAL DE LOIRE";;27;;;;
"0451602X";"CFA de la Mouillère";"CENTRE-VAL DE LOIRE";;34;53;57;-4;65
"0451653C";"Centre de Formation d'Apprentis de l'Industrie Centre-Val de Loire";"CENTRE-VAL DE LOIRE";;41;72;72;0;77
"0451656F";"CFA des Universités Centre-Val de Loire";"CENTRE-VAL DE LOIRE";;60;60;69;-9;64
"0451708M";"CFA Académique";"CENTRE-VAL DE LOIRE";;36;73;71;2;80
"0451715V";"Centre de Formation d'Apprentis Régional des MFR";"CENTRE-VAL DE LOIRE";;34;66;65;1;75
"0451756P";"I.F.R.I.A.";"CENTRE-VAL DE LOIRE";;;;;;
"0451782T";"CFA BTP - CENTRE VAL DE LOIRE";"CENTRE-VAL DE LOIRE";;46;63;64;-1;69
"0460495N";"Centre de formation d'apprentis Ecole des metiers du Lot";"OCCITANIE";;43;55;57;-2;67
"0460654L";"Centre de formation des apprentis agricole du Lot  EPLA de Figeac";"OCCITANIE";;34;38;50;-12;43
"0470110P";"Site de formation d'apprentis de la chambre des métiers et de l'artisanat de région Nouvelle Aquitaine CFA de La Palme";"NOUVELLE-AQUITAINE";;38;66;58;8;68
"0470744D";"Centre de formation d'apprentis cité de la formation";"NOUVELLE-AQUITAINE";;22;56;56;0;58
"0470815F";"OF CFA du Lot et Garonne";"NOUVELLE-AQUITAINE";;27;55;58;-3;61
"0470834B";"GRETA Est Aquitaine Lycée professionnel Val de Garonne";"NOUVELLE-AQUITAINE";;23;50;62;-12;65
"0470941T";"Centre de formation d'apprentis du bâtiment et des travaux publics du Lot-et-Garonne";"NOUVELLE-AQUITAINE";;43;60;63;-3;66
"0471035V";"Centre de formation d'apprentis du LP Porte du Lot";"NOUVELLE-AQUITAINE";;30;74;67;7;81
"0480499G";"Centre de formation d'apprentis Interprofessionnel Henry Giral";"OCCITANIE";;45;70;64;6;76
"0480677A";"CFA de Marvejols";"OCCITANIE";;15;;;;
"0490985E";"Centre de formation d'apprentis de la CCI Maine-et-Loire - Centre Pierre Cointreau Angers";"PAYS DE LA LOIRE";;37;69;66;3;74
"0490986F";"Site de formation d apprentis de l'URMA Maine-et-Loire - Angers";"PAYS DE LA LOIRE";;50;74;69;5;77
"0490993N";"BTP CFA Maine-et-Loire";"PAYS DE LA LOIRE";;46;72;70;2;78
"0491937P";"GRETA-CFA 49";"PAYS DE LA LOIRE";;;;;;
"0492022G";"CFA du Maine et Loire";"PAYS DE LA LOIRE";;35;65;57;8;67
"0492175Y";"CFA de l'ESA d'Angers";"PAYS DE LA LOIRE";;36;71;72;-1;77
"0492193T";"Centre de formation d'apprentis maisons familiales m-et-loire";"PAYS DE LA LOIRE";;37;69;60;9;72
"0492219W";"Association ouvrière des compagnons du devoir des pays de la loire";"PAYS DE LA LOIRE";;44;79;67;12;79
"0492220X";"Centre de formation agrilia formation chambre d'agriculture - Angers";"PAYS DE LA LOIRE";;7;;;;
"0492298G";"école technique supérieure de chimie de l'ouest - Lycée des métiers de la chimie, de l'eau et des procédés";"PAYS DE LA LOIRE";;47;58;54;4;70
"0492303M";"CFA EC 49 Saint Aubin la Salle";"PAYS DE LA LOIRE";;30;72;71;1;79
"0492335X";"Centre de formation d'apprentis éducation nationale 49";"PAYS DE LA LOIRE";;34;80;79;2;83
"0501249L";"centre de formation d apprentis batiment paul bocage";"NORMANDIE";;44;68;65;3;71
"0501605Y";"centre de formation d apprentis iform";"NORMANDIE";;50;68;66;1;74
"0501614H";"centre de formation d apprentis fim site saint lo";"NORMANDIE";;40;59;62;-3;70
"0501784T";"CFA Coutances";"NORMANDIE";;42;56;58;-2;61
"0501844H";"CFA Saint Hilaire du Harcouët";"NORMANDIE";;77;;;;
"0501899T";"CFA Saint Lô Thère";"NORMANDIE";;43;;;;
"0501929A";"CFA AFASEC Graignes";"NORMANDIE";;20;86;74;12;86
"0502006J";"ctre de formation d'apprentis cfa academique de caen";"NORMANDIE";;30;75;74;1;80
"0511383B";"CFA BTP GRAND EST  LORRAINE DE LA MARNE";"GRAND EST";;42;61;65;-3;65
"0511649R";"ALMEA  Formation interpro  Marne";"GRAND EST";;41;61;59;3;67
"0511749Z";"Centre de Formation d'Apprentis agricole et viticole de la Marne";"GRAND EST";;34;52;57;-5;58
"0511822D";"Greta-CFA de la Marne";"GRAND EST";;;;;;
"0511845D";"Centre de Formation d'Apprentis Santé et Sciences de la Vie";"GRAND EST";;25;77;74;3;79
"0511949S";"Centre de Formation d'Apprentis de l'Industrie de Champagne-Ardenne";"GRAND EST";;36;67;71;-4;72
"0512117Z";"Centre de Formation d'Apprentis Commerce et Distribution-AFPAM (Association pour la Formation Profes et l'Apprentissage des Métiers du Commerce)";"GRAND EST";;23;58;65;-7;68
"0512122E";"Centre de Formation d'Apprentis de l'Enseignement Supérieur de Champagne Ardenne";"GRAND EST";;50;;;;
"0512171H";"Centre de Formation d'Apprentis de l'Académie de Reims";"GRAND EST";;35;62;66;-4;73
"0512177P";"Centre de formation d'apprentissage aux métiers de la santé et des sciences de la vie";"GRAND EST";;;;;;
"0512178R";"OF Sylvia Terrade apprentissage G.E.Reims";"GRAND EST";;;;;;
"0520752K";"ALMEA formation Haute-Marne";"GRAND EST";;39;57;58;-1;65
"0520758S";"CFA BTP GRAND EST  LORRAINE DE LA HAUTE MARNE";"GRAND EST";;44;67;63;3;71
"0520922V";"CFA de la Haute Marne agricole et forestier";"GRAND EST";;41;;;;
"0530487S";"Association pour l'apprentissage en mayenne";"PAYS DE LA LOIRE";;39;71;68;3;71
"0530500F";"Site de formation d apprentis de l'URMA Mayenne - Laval";"PAYS DE LA LOIRE";;51;68;66;3;73
"0530909A";"CFA de la Mayenne";"PAYS DE LA LOIRE";;38;70;63;7;71
"0530973V";"Centre de formation d'apprentis de l'Enseignement Catholique de la Mayenne";"PAYS DE LA LOIRE";;;;;;
"0530981D";"CFA de la fédération des MFR de la Mayenne";"PAYS DE LA LOIRE";;24;;;;
"0531013N";"CFA Santé animale Pré en pail";"PAYS DE LA LOIRE";;0;84;74;10;88
"0531054H";"Centre de formation d'apprentis CCI de la Mayenne";"PAYS DE LA LOIRE";;52;77;65;12;79
"0541516E";"CFA Jean Zay";"GRAND EST";;39;47;58;-11;55
"0541548P";"Site de formation d apprentis de la CMA Grand Est de Laxou";"GRAND EST";;41;56;58;-1;62
"0541550S";"Organisme de formation-Centre de formation d'apprentis de la CCI 54 de Laxou";"GRAND EST";;36;57;58;-1;61
"0541898V";"Organisme de formation-Centre de formation d'apprentis des Métiers du Batiment de Pont-à-Mousson";"GRAND EST";;39;56;63;-7;63
"0541958K";"CFA transport et logistique";"GRAND EST";;21;69;63;7;72
"0542035U";"Greta Lorraine centre";"GRAND EST";;;;;;
"0542149T";"CFA de Meurthe et Moselle";"GRAND EST";;32;67;66;1;76
"0542221W";"CFAI Lorraine-Association pour l'apprentissage industriel";"GRAND EST";;34;62;70;-7;70
"0542287T";"CFA des métiers de la banque et de la finance Nancy";"GRAND EST";;85;;;;
"0542353P";"CFA des métiers de la sécurité";"GRAND EST";;3;48;60;-12;52
"0542389D";"CFA de la restauration de Meurthe et Moselle";"GRAND EST";;32;53;53;0;61
"0542397M";"CFA de l'Université de Lorraine";"GRAND EST";;70;67;63;4;75
"0542413E";"CENTRE DE FORMATION D'APPRENTIS DES METIERS DES SERVICES";"GRAND EST";;43;73;72;1;74
"0542414F";"Centre de Formation d'apprentis de l'Automobile et des Metiers de l'Industrie";"GRAND EST";;30;70;68;2;77
"0542415G";"CFA du Travail Social de Lorraine";"GRAND EST";;7;76;64;12;70
"0542416H";"Centre de formation d'apprentis Art regional du verre";"GRAND EST";;40;;;;
"0542463J";"CFA de l'association régionale d'éducation permanente Lorraine";"GRAND EST";;27;72;71;1;74
"0542474W";"CFA interrégional des technologies Henri Loritz";"GRAND EST";;30;65;74;-8;75
"0542492R";"CFA Agricultures et Territoires";"GRAND EST";;27;57;65;-8;66
"0542494T";"CESFA LORRAINE";"GRAND EST";;44;62;55;8;72
"0542500Z";"CFA Régional des Métiers du Sanitaire et Social";"GRAND EST";;9;52;52;0;52
"0542501A";"SANT' EST CFA";"GRAND EST";;;;;;
"0542524A";"Organisme de formation-Centre de formation d'apprentis POLYVIA FORMATION GRAND-EST de Nancy";"GRAND EST";;44;;;;
"0550861M";"CFA Européen Louis Prioux";"GRAND EST";;40;56;58;-2;59
"0550939X";"Greta CFA Lorraine Ouest";"GRAND EST";;;;;;
"0550969E";"CFA de la Meuse";"GRAND EST";;36;;;;
"0551027T";"CFA des maisons familiales et rurales de Lorraine";"GRAND EST";;24;64;67;-3;67
"0560808Z";"CFA de la Ville de Lorient";"BRETAGNE";;27;62;66;-3;66
"0560810B";"CFA CMA Bretagne - Campus de Vannes";"BRETAGNE";;39;61;61;0;70
"0561397P";"CFA Bâtiment 56";"BRETAGNE";;24;78;68;9;79
"0561732D";"CFA DE HENNEBONT";"BRETAGNE";;26;58;57;1;65
"0561764N";"CFA agricole privé, Métiers de la Production Agricole";"BRETAGNE";;9;72;68;5;81
"0561783J";"CFA CCI Formation Morbihan";"BRETAGNE";;2;61;69;-8;73
"0561810N";"CFA des Travaux Publics de Bretagne";"BRETAGNE";;36;84;74;10;87
"0561850G";"CFA universitaire de Bretagne";"BRETAGNE";;87;60;62;-2;55
"0561986E";"CFA de l'Institut breton du Sport";"BRETAGNE";;12;61;58;3;71
"0561993M";"OF - CFA Scotto di Cesare Vannes";"BRETAGNE";;;;;;
"0570033B";"CFA du LPO Blaise pascal de Forbach";"GRAND EST";;30;47;56;-9;56
"0570062H";"CFA des métiers de l'automobile Philippe Charbonneaux";"GRAND EST";;45;59;64;-4;65
"0570110K";"CFA la Briquerie";"GRAND EST";;25;60;62;-3;70
"0572201H";"Organisme de formation-Centre de formation d'apprentis Campus des Métiers de Moselle de Metz";"GRAND EST";;41;62;60;2;65
"0572726D";"CFA Ecole pratique des métiers";"GRAND EST";;39;46;53;-6;52
"0572728F";"CFA Robert Schuman";"GRAND EST";;37;46;52;-6;48
"0572741V";"CFA Henri Nominé";"GRAND EST";;51;59;61;-3;61
"0572742W";"CFA Camille Weiss";"GRAND EST";;45;54;56;-2;59
"0572761S";"CFA Dominique Labroise Sarrebourg";"GRAND EST";;40;65;60;5;73
"0572820F";"CFA BTP de Moselle";"GRAND EST";;36;59;66;-7;66
"0573003E";"Greta Lorraine Nord";"GRAND EST";;;;;;
"0573212G";"CFA de la CCI de la Moselle";"GRAND EST";;31;62;66;-4;63
"0573246U";"CFA de la Moselle";"GRAND EST";;38;48;55;-7;60
"0573282H";"CFA du lycée des métiers de l'hotellerie Raymond Mondon";"GRAND EST";;27;60;55;5;66
"0573680R";"Centre d'Etudes des Sciences de l'Entreprise";"GRAND EST";;;;;;
"0573753V";"Ecole des Métiers du Commerce EST MULTICOM Metz";"GRAND EST";;;;;;
"0573773S";"Organisme de formation-Centre de formation dapprentis Négociance Business School de Metz";"GRAND EST";;;;;;
"0573780Z";"Organisme de formation-Centre de formation dapprentis Institut de management commercial ARTEMYS de Scy-Chazelles";"GRAND EST";;;;;;
"0580555N";"CAMPUS METIERS MARZY";"BOURGOGNE-FRANCHE-COMTE";;38;53;59;-6;61
"0580739N";"CFA de la Nièvre";"BOURGOGNE-FRANCHE-COMTE";;29;56;59;-3;65
"0593321P";"CFA de la Chambre des Métiers et de l'Artisanat Hauts-de-France";"HAUTS-DE-FRANCE";;43;57;57;0;63
"0593334D";"BTP CFA Nord-Pas de Calais";"HAUTS-DE-FRANCE";;46;61;61;0;66
"0593371U";"CFA du CIA (Centre Intertextile d'Apprentissage) - GAFIT (Groupement d'Apprentissage et de Formation de l'Industrie Textile)";"HAUTS-DE-FRANCE";;;;;;
"0594576D";"CFAI Nord Pas de Calais";"HAUTS-DE-FRANCE";;26;67;65;2;72
"0595645R";"CFA les Compagnons du Devoir - la maison de Lille, Siège régional";"HAUTS-DE-FRANCE";;47;67;61;6;65
"0595689N";"CFA Régional Agricole de GENECH";"HAUTS-DE-FRANCE";;32;60;60;1;69
"0595846J";"Centre de Formation d'Apprentis Spécialisé AGAP Formation (Association pour Gestion et Aide Promotion d Equipements Sociaux et Médico Sociaux)";"HAUTS-DE-FRANCE";;45;30;34;-4;43
"0596014S";"CFA FORMASUP Nord - Pas de Calais";"HAUTS-DE-FRANCE";;56;69;65;3;72
"0596126N";"CFA Agricole public du Nord";"HAUTS-DE-FRANCE";;28;44;50;-6;53
"0596268T";"CFA de l'IFRIA (Institut de Formation Régional des Industries Agroalimentaires)";"HAUTS-DE-FRANCE";;38;76;64;12;80
"0596346C";"CFA du CREPS (Centre de Ressources,d'Expertise et de Performance Sportive) de WATTIGNIES";"HAUTS-DE-FRANCE";;9;;;;
"0596351H";"Campus Sciences-U LILLE - EFFICOM - EFAB";"HAUTS-DE-FRANCE";;;;;;
"0596448N";"CFA de l'ADEFA (Association pour le Développement de la Formation par l'Apprentissage)";"HAUTS-DE-FRANCE";;28;64;56;7;71
"0596473R";"Site de formation d'apprentis de l'OF-CFA Ecole supérieure de la banque (ESBanque) - site de formation de VILLENEUVE D'ASCQ";"HAUTS-DE-FRANCE";;;;;;
"0596480Y";"CFA de l'ADAMSS (Association Développement Apprentissage dans les professions Médico-Soc,Sanitaires et Soc) - IRTS (Institut Rég du Travail Social)";"HAUTS-DE-FRANCE";;8;48;48;-1;65
"0596792M";"CFA Académique - Académie de Lille";"HAUTS-DE-FRANCE";;25;65;63;2;69
"0596816N";"CFA de l'Institut des Services à l'Environnement (ISE)";"HAUTS-DE-FRANCE";;10;87;76;11;87
"0596817P";"CFA de l'AFPC (Association pour la Formation Professionnelle Continue)";"HAUTS-DE-FRANCE";;26;54;62;-8;46
"0596894Y";"CFA AFI 24 (Association Formation des Industries Chimiques et Parachimiques) Nord-Pas de Calais";"HAUTS-DE-FRANCE";;57;;;;
"0596996J";"Formation en alternace Campus pro Lille";"HAUTS-DE-FRANCE";;20;31;43;-12;47
"0596997K";"CFA Régional Hauts de France";"HAUTS-DE-FRANCE";;29;61;61;0;64
"0597067L";"CFA PROMOTRANS des Hauts de France";"HAUTS-DE-FRANCE";;35;63;70;-7;77
"0597090L";"CFA de convention Régionale Hauts de France Jean Bosco";"HAUTS-DE-FRANCE";;;;;;
"0597128C";"Organisme de formation-Centre de formation d'apprentis de l'AFA Altern'Emploi de COUDEKERQUE-BRANCHE";"HAUTS-DE-FRANCE";;;;;;
"0597144V";"Organisme de formation-Centre de formation d'apprentis de Technicom Formation de GRANDE-SYNTHE";"HAUTS-DE-FRANCE";;;;;;
"0597145W";"Organisme de formation-Centre de Formation d'apprentis ORGALY Formation de LILLE";"HAUTS-DE-FRANCE";;;;;;
"0601206K";"CFA BTP CFA 60";"HAUTS-DE-FRANCE";;46;64;61;3;69
"0601209N";"CFA de la mairie de Compiègne";"HAUTS-DE-FRANCE";;28;62;50;12;69
"0601211R";"CFA chambre de commerce et d'industrie territoriale de l'Oise";"HAUTS-DE-FRANCE";;29;62;59;2;64
"0601500E";"CFA PROMEO CFAI Picardie à Senlis";"HAUTS-DE-FRANCE";;35;68;68;1;72
"0602089V";"CFA AGRICOLE PUBLIC DES HAUTS DE FRANCE";"HAUTS-DE-FRANCE";;39;52;52;0;63
"0602090W";"Centre de formation d'apprentis Interprofessionnel tertiaire Beauvais";"HAUTS-DE-FRANCE";;21;66;62;4;68
"0602106N";"CFA BTP le belloy";"HAUTS-DE-FRANCE";;23;56;66;-10;70
"0602144E";"Organisme de formation-Centre de formation d'apprentis AMESA";"HAUTS-DE-FRANCE";;43;66;59;7;63
"0602165C";"CFA de Gouvieux";"HAUTS-DE-FRANCE";;7;88;76;12;90
"0602182W";"Fondation INFA le manoir";"HAUTS-DE-FRANCE";;;;;;
"0602183X";"Organisme de formation-Centre de formation d'apprentis de DG Formation Compiègne";"HAUTS-DE-FRANCE";;48;;;;
"0610770F";"centre de formation d apprentis batiment roger ducre";"NORMANDIE";;48;71;70;1;73
"0611061X";"centre de formation d apprentis 3 ifa";"NORMANDIE";;46;57;58;0;64
"0611130X";"CFA Sées";"NORMANDIE";;27;69;67;2;67
"0611162G";"Centre de formation d'apprentis Polyvia Formation Alençon - Normandie";"NORMANDIE";;62;;;;
"0611206E";"centre de formation d apprentis etpna";"NORMANDIE";;54;76;73;3;86
"0611248A";"centre de formation d apprentis irsap";"NORMANDIE";;15;50;48;2;64
"0611294A";"CFA interrégional du Cheval et de l'équitation";"NORMANDIE";;3;57;61;-5;63
"0611305M";"Organisme de formation-Centre de formation d'apprentis LCMG consulting menil-Erreux";"NORMANDIE";;15;70;58;12;65
"0623105N";"CFA Municipal de la Ville de CALAIS - Lycée du Détroit CALAIS";"HAUTS-DE-FRANCE";;42;31;43;-12;43
"0623751R";"CFA public agricole du Pas de Calais - siège de TILLOY LES MOFFLAINES";"HAUTS-DE-FRANCE";;38;53;60;-7;69
"0624192V";"CFA Agricole des Métiers Ruraux (Maisons Familiales Rurales) - Siège de SAINT POL SUR TERNOISE";"HAUTS-DE-FRANCE";;33;45;50;-5;59
"0624240X";"CFA Fédération Compagnonnique des Métiers du Bâtiment (FCMB) - Centre d'ARRAS";"HAUTS-DE-FRANCE";;47;61;65;-4;68
"0624334Z";"CFA de l'Avenir Pro 62 (Association pour la Promotion et la Valorisation de l'Insertion Socio-Professionnelle vers le milieu Ordinaire du Travail)";"HAUTS-DE-FRANCE";;39;36;40;-4;40
"0624367K";"CFA du LP Maritime de Boulogne-sur-Mer / LE PORTEL";"HAUTS-DE-FRANCE";;;;;;
"0624496A";"Organisme de formation-Centre de Formation d'apprentis de l'Académie Culinaire Stéphane Bulteau de BOULOGNE-SUR-MER";"HAUTS-DE-FRANCE";;;;;;
"0631243J";"Centre de Formation des Apprentis du bâtiment et des travaux publics du Puy-De-Dôme";"AUVERGNE-RHONE-ALPES";;44;64;68;-4;69
"0631450J";"Institut des métiers";"AUVERGNE-RHONE-ALPES";;35;56;60;-4;65
"0631687S";"CFA INTERPROFESSIONNEL D'AMBERT";"AUVERGNE-RHONE-ALPES";;32;79;67;12;75
"0631764A";"Centre de formation des apprentis des Métiers de l'Agriculture du Puy de Dôme";"AUVERGNE-RHONE-ALPES";;29;65;56;9;73
"0631812C";"CFA régional des métiers du chien et de l'animalerie";"AUVERGNE-RHONE-ALPES";;29;66;54;12;56
"0631819K";"Centre de Formation d'Apprentis Spécialisé CAP 3A";"AUVERGNE-RHONE-ALPES";;36;45;49;-4;46
"0631852W";"groupe formation systemes";"AUVERGNE-RHONE-ALPES";;;;;;
"0631904C";"centre form prof promo agricoles";"AUVERGNE-RHONE-ALPES";;31;54;59;-5;64
"0631929E";"Centre de formation d'apprentis des industries agro-alimentaires d'Auvergne";"AUVERGNE-RHONE-ALPES";;52;;;;
"0631959M";"CFA Régional du Transport et de la Logistique en Auvergne";"AUVERGNE-RHONE-ALPES";;36;66;65;1;80
"0631964T";"ADASA - CFA des Métiers du Sport et de l'Animation";"AUVERGNE-RHONE-ALPES";;18;;;;
"0631977G";"Centre de Formation d'Apprentis de l'Education Nationale";"AUVERGNE-RHONE-ALPES";;30;64;66;-2;72
"0631978H";"Centre de formation d'apprentis";"AUVERGNE-RHONE-ALPES";;64;65;65;0;70
"0632067E";"CFPPA des Combrailles";"AUVERGNE-RHONE-ALPES";;43;33;45;-12;54
"0632070H";"Organisme de formation-Centre de Formation d'Apprentis d'Alternance Pro de Riom";"AUVERGNE-RHONE-ALPES";;;;;;
"0632071J";"Organisme de formation-Centre de Formation d'Apprentis de H et C CONSEIL, Clermont-Ferrand";"AUVERGNE-RHONE-ALPES";;21;35;41;-6;65
"0632072K";"Organisme de formation-Centre de Formation d'Apprentis de la Fédération des Artisans Boulangers Pâtissiers, Romagnat";"AUVERGNE-RHONE-ALPES";;;;;;
"0632075N";"Organisme de formation-Centre de Formation d'Apprentis d'Alternance Auvergne, Clermont-Ferrand";"AUVERGNE-RHONE-ALPES";;;;;;
"0640235H";"Centre de formation d'apprentis de l'agglomération côte Basque - Adour";"NOUVELLE-AQUITAINE";;26;55;56;-1;71
"0640238L";"Centre de formation d'apprentis du lycée Saint Cricq";"NOUVELLE-AQUITAINE";;32;63;63;0;71
"0640239M";"Site de formation d'apprentis de la chambre des métiers et de l'artisanat de région Nouvelle Aquitaine CFA Université des métiers de Pau";"NOUVELLE-AQUITAINE";;40;61;64;-3;67
"0641395U";"Centre de formation d'apprentis du bâtiment et des travaux publics des Pyrénées Atlantiques";"NOUVELLE-AQUITAINE";;49;62;66;-4;66
"0641409J";"Centre de Formation d'apprentis de l'industrie  Adour (C.F.A.I) d'Assat";"NOUVELLE-AQUITAINE";;40;71;72;-1;73
"0641519D";"Site de formation d'apprentis de la chambre des métiers et de l'artisanat de région Nouvelle Aquitaine CFA Université des métiers Bayonne Pays Basque";"NOUVELLE-AQUITAINE";;40;69;63;6;75
"0641681E";"GRETA Sud Aquitaine - Lycée Louis Barthou";"NOUVELLE-AQUITAINE";;;;;;
"0641752G";"CFA des Pyrénées Atlantiques";"NOUVELLE-AQUITAINE";;35;55;59;-4;64
"0641918M";"Centre de formation d'apprentis des commerces de sport loisirs";"NOUVELLE-AQUITAINE";;42;67;65;2;73
"0642025D";"Centre de formation d'apprentis de la côte Basque - Lycée des métiers Cantau";"NOUVELLE-AQUITAINE";;40;60;69;-10;76
"0642033M";"Centre de formation d'apprentis Fédération Compagnonnique des Métiers du Bâtiment (FCMB) d'Anglet";"NOUVELLE-AQUITAINE";;36;69;68;1;77
"0642043Y";"Centre de formation d'apprentis - Université de Pau et des pays de l'Adour";"NOUVELLE-AQUITAINE";;;;;;
"0642106S";"Damalis - Formations à Pau";"NOUVELLE-AQUITAINE";;;;;;
"0650593S";"Centre de formation d'apprentis Ecole supérieure des métiers Chambre des metiers des Hautes-Pyrénées";"OCCITANIE";;34;63;60;4;66
"0651054T";"CFA Vecteur Pyrénées - Institut pyrénéen des métiers de service à l'environnement";"OCCITANIE";;2;57;56;1;66
"0651103W";"ORGANISME DE FORMATION - CENTRE DE FORMATION D APPRENTIS CATALYSE - SEMEAC";"OCCITANIE";;;;;;
"0660447C";"Centre de formation d'apprentis de la Chambre de Métiers et de l'Artisanat des Pyrénées-Orientales";"OCCITANIE";;40;51;52;-2;60
"0660488X";"Centre de formation d'apprentis BTP des Pyrénées-Orientales";"OCCITANIE";;48;53;55;-2;60
"0660552S";"Néosup, Ecole supérieure";"OCCITANIE";;43;48;49;-1;65
"0660682H";"Greta des Pyrénées-Orientales";"OCCITANIE";;;;;;
"0660733N";"CFA Pyrénées Orientales";"OCCITANIE";;27;46;50;-4;58
"0671755U";"Centre de Formation d'apprentis du lycée Emile Mathis";"GRAND EST";;31;71;72;-1;72
"0671760Z";"Centre de Formation d'apprentis du LP André Siegfried";"GRAND EST";;40;61;61;1;65
"0671882G";"Centre de Formation d'apprentis LPO Heinrich-Nessel";"GRAND EST";;40;69;68;1;71
"0672051R";"Centre de Formation d'apprentis du Lycée Schweisguth";"GRAND EST";;37;59;59;0;61
"0672056W";"Centre de Formation d'apprentis du LP Jules Verne";"GRAND EST";;44;66;64;1;71
"0672064E";"Centre de Formation d'apprentis du Lycée Stanislas";"GRAND EST";;47;60;73;-12;72
"0672066G";"Centre de Formation d'apprentis du Lycée Le Corbusier";"GRAND EST";;35;68;67;0;74
"0672270D";"Centre de formation Bernard Stalter";"GRAND EST";;45;68;67;1;72
"0672477D";"Centre de Formation d'apprentis agricole rattaché au LEGTA";"GRAND EST";;43;63;59;4;67
"0672564Y";"Centre de Formation d'apprentis du Lycée Oberlin";"GRAND EST";;30;60;61;-1;62
"0672601N";"Centre de Formation d'apprentis du CEFPPA";"GRAND EST";;33;62;58;5;68
"0672632X";"Centre de formation d'apprentis régional des compagnons du Devoir-Alsace";"GRAND EST";;44;71;64;7;75
"0672770X";"IESA";"GRAND EST";;;;;;
"0672772Z";"Institut européen de formation";"GRAND EST";;;;;;
"0672856R";"Centre de Formation d'apprentis du Lycée Emile Victor";"GRAND EST";;37;71;74;-2;77
"0672879R";"Ecole Supérieure de la Banque";"GRAND EST";;76;;;;
"0672892E";"Centre de Formation d'apprentis du LPO Gutenberg";"GRAND EST";;30;51;64;-12;59
"0672902R";"CFA du secteur sanitaire, social et médico-social";"GRAND EST";;8;68;56;12;71
"0672958B";"Centre de formation d'apprentis transport et logistique";"GRAND EST";;22;65;71;-7;58
"0673002Z";"Centre de formation des apprentis Enseignement professionnel privé d'Alsace";"GRAND EST";;30;59;66;-7;62
"0673012K";"Centre de formation des apprentis des métiers de l'animation et du sport";"GRAND EST";;10;;;;
"0673028C";"Centre de formation des apprentis CCI CAMPUS";"GRAND EST";;33;69;67;2;73
"0673055G";"FILEA Institut";"GRAND EST";;;;;;
"0673145E";"Orgaly France";"GRAND EST";;;;;;
"0681197G";"Centre de Formation d'apprentis du LPO Joseph Storck";"GRAND EST";;43;55;59;-4;64
"0681486W";"Centre de Formation d'apprentis du Lycée Roosevelt";"GRAND EST";;35;59;60;0;65
"0681489Z";"Centre de Formation d'apprentis du LPO Mermoz";"GRAND EST";;37;52;64;-12;64
"0681492C";"Centre de Formation d'apprentis du Lycée Gustave Eiffel";"GRAND EST";;45;65;63;2;65
"0681498J";"Centre de Formation d'apprentis Centre Alsace Marcel Rudloff";"GRAND EST";;43;64;63;1;70
"0681499K";"Centre de Formation d'apprentis du Lycée des métiers Charles Pointet";"GRAND EST";;45;;;;
"0681710P";"Centre de Formation d'apprentis de l'artisanat";"GRAND EST";;43;63;65;-1;67
"0681750H";"Centre de Formation d'apprentis agricole";"GRAND EST";;34;60;60;1;66
"0681816E";"Centre de formation d'apprentis universitaire Alsace";"GRAND EST";;74;64;64;0;63
"0681832X";"Centre de Formation d'apprentis de l'Industrie d'Alsace";"GRAND EST";;35;71;73;-2;76
"0681983L";"Centre de formation d'apprentis de l'hotellerie et restauration";"GRAND EST";;38;56;56;-1;63
"0682016X";"Groupe IMT Formation";"GRAND EST";;;;;;
"0690723L";"Centre de formation CARREL";"AUVERGNE-RHONE-ALPES";;;;;;
"0691774D";"Université Lyon 1";"AUVERGNE-RHONE-ALPES";;88;;;;
"0692210C";"Centre de Formation d'Apprentis de l'Industrie LYON";"AUVERGNE-RHONE-ALPES";;30;73;75;-2;74
"0692214G";"A.FO.BAT. DU RHONE  CFA PHILIBERT DE L'ORME";"AUVERGNE-RHONE-ALPES";;35;65;68;-3;68
"0692360R";"ASSOCIATION REGIONALE POUR LA FORMATION ALTERNEE";"AUVERGNE-RHONE-ALPES";;46;71;69;2;73
"0692366X";"Centre de Formation continue des Métiers des Arts de la Coiffure";"AUVERGNE-RHONE-ALPES";;;;;;
"0692436Y";"FEDERATION REGIONALE DES MAISONS FAMILIALES RURALES D'EDUCATION ET D'ORIENTATION DE RHONE-ALPES (FRMFREO)";"AUVERGNE-RHONE-ALPES";;36;62;61;1;68
"0692514H";"SOCIETE D'ENSEIGNEMENT PROFESSIONNEL DU RHONE (SEPR)";"AUVERGNE-RHONE-ALPES";;25;65;64;0;68
"0692719F";"Centre de Formation d'Apprentis des métiers de bouche François Rabelais";"AUVERGNE-RHONE-ALPES";;32;69;63;6;74
"0692780X";"Centre Textile Régional de Formation d'Apprentis";"AUVERGNE-RHONE-ALPES";;35;62;67;-5;65
"0692781Y";"ASSOCIATION POUR LA FORMATION PROFESSIONNELLE DANS LES INDUSTRIES DE L'AMEUBLEMENT (AFPIA)";"AUVERGNE-RHONE-ALPES";;24;70;71;-1;78
"0692998J";"Greta Lyon Métropole";"AUVERGNE-RHONE-ALPES";;10;42;54;-12;64
"0693088G";"Centre de Formation d'Apprentis des Compagnons du Devoir";"AUVERGNE-RHONE-ALPES";;38;76;67;9;75
"0693306U";"INSTITUT DE GESTION SOCIALE (IGS)";"AUVERGNE-RHONE-ALPES";;26;71;67;4;71
"0693328T";"Centre de Formation d'Apprentis Interfora";"AUVERGNE-RHONE-ALPES";;17;79;71;7;88
"0693400W";"ASSOCIATION DE FORMATION RHONE-ALPES DU BATIMENT ET DES TRAVAUX PUBLICS (AFRA BTP)";"AUVERGNE-RHONE-ALPES";;40;77;74;3;81
"0693452C";"INSTITUT DE FORMATION INTERPROFESSIONNEL DU RHONE  (IFIR)";"AUVERGNE-RHONE-ALPES";;22;71;66;5;72
"0693492W";"CFA de Rhône Alpes";"AUVERGNE-RHONE-ALPES";;28;62;62;0;67
"0693588A";"INSTITUT DE FORMATION REGIONAL DES INDUSTRIES ALIMENTAIRES (IFRIA)";"AUVERGNE-RHONE-ALPES";;40;56;58;-2;56
"0693624P";"INSTITUT DE FORMATION ALTERNEE POUR L'INDUSTRIE    (IFAI)";"AUVERGNE-RHONE-ALPES";;31;71;74;-3;78
"0693640G";"Centre de Formation d'Apprentis POLYVIA FORMATION Lyon   Auvergne   Rhône-Alpes";"AUVERGNE-RHONE-ALPES";;34;72;68;4;74
"0693694R";"Centre de Formation d'Apprentis Compagnons du Tour de France AGEFA PME Rhône Alpes";"AUVERGNE-RHONE-ALPES";;38;65;71;-6;68
"0693702Z";"INSTITUT NATIONAL DE L'HYGIENE ET DU NETTOYAGE INDUSTRIEL (INHNI)";"AUVERGNE-RHONE-ALPES";;28;63;58;6;63
"0693703A";"Organisme de formation-Centre de formation d'apprentis École supérieure de la banque LYON";"AUVERGNE-RHONE-ALPES";;57;70;69;1;65
"0693764S";"AKTEAP";"AUVERGNE-RHONE-ALPES";;25;62;63;0;70
"0693891E";"Centre de Formation d'Apprentis FORMA SUP Ain Rhone Loire";"AUVERGNE-RHONE-ALPES";;43;;;;
"0693936D";"Centre de Formation d'Apprentis Ducretet Auvergne Rhône Alpes";"AUVERGNE-RHONE-ALPES";;15;72;68;4;76
"0694047Z";"Centre de Formation d'Apprentis de l'Académie de Lyon";"AUVERGNE-RHONE-ALPES";;24;57;59;-2;58
"0694089V";"Ecole tech sup privée AFIP Formations";"AUVERGNE-RHONE-ALPES";;;;;;
"0694202T";"Centre de formation continue Opus formation";"AUVERGNE-RHONE-ALPES";;;;;;
"0694231Z";"Ecole tech sup privée de Lyon Olympique Universitaire Lou Rugby";"AUVERGNE-RHONE-ALPES";;;;;;
"0694253Y";"IPSO CAMPUS";"AUVERGNE-RHONE-ALPES";;;;;;
"0694286J";"Etabl sup tech privé LY FORMATION ECORIS";"AUVERGNE-RHONE-ALPES";;;;;;
"0694324A";"Centre de formation continue métiers du sport Innova Formation";"AUVERGNE-RHONE-ALPES";;47;52;58;-6;57
"0694339S";"Centre de Formation d'Apprentis Métiers des énergies Auvergne-Rhône-Alpes";"AUVERGNE-RHONE-ALPES";;32;84;79;6;91
"0700796K";"CFA de la Haute-Saône";"BOURGOGNE-FRANCHE-COMTE";;39;54;54;0;62
"0701029N";"CFA de Haute Saône à Vesoul";"BOURGOGNE-FRANCHE-COMTE";;34;73;69;4;72
"0711078L";"CIFA JEAN LAMELOISE";"BOURGOGNE-FRANCHE-COMTE";;40;62;59;3;70
"0711103N";"OF CFA de Saone et Loire";"BOURGOGNE-FRANCHE-COMTE";;32;60;61;-1;67
"0711317W";"CFA DES METIERS DE L'AUTOMOBILE";"BOURGOGNE-FRANCHE-COMTE";;36;74;71;3;78
"0711566S";"POLE FORMATION UIMM BOURGOGNE 21-71";"BOURGOGNE-FRANCHE-COMTE";;26;76;74;3;83
"0711946E";"BATIMENT CFA BOURGOGNE FRANCHE COMTE";"BOURGOGNE-FRANCHE-COMTE";;39;63;65;-2;70
"0720927S";"Centre de formation d'apprentis coiffure de la sarthe";"PAYS DE LA LOIRE";;60;73;66;7;78
"0720928T";"Site de formation d apprentis de l'URMA Sarthe - Le Mans";"PAYS DE LA LOIRE";;53;62;64;-2;72
"0720930V";"Chambre de commerce et d'industrie Le Mans Sarthe";"PAYS DE LA LOIRE";;34;65;63;2;71
"0720937C";"BTP CFA Sarthe";"PAYS DE LA LOIRE";;52;76;69;7;81
"0721422E";"Greta-CFA du Maine";"PAYS DE LA LOIRE";;;;;;
"0721429M";"Institut technologique européen des métiers de la musique";"PAYS DE LA LOIRE";;38;64;63;1;57
"0721476N";"CFA de la Sarthe";"PAYS DE LA LOIRE";;40;58;61;-3;71
"0721554Y";"Centre de Formation d'Apprentis Enseignement Catholique 72";"PAYS DE LA LOIRE";;23;57;55;2;62
"0721639R";"Centre de Formation d'apprentis Education Nationale 72";"PAYS DE LA LOIRE";;26;69;68;2;75
"0730805D";"Ecole supérieure privée";"AUVERGNE-RHONE-ALPES";;;;;;
"0730858L";"Université Chambéry";"AUVERGNE-RHONE-ALPES";;;;;;
"0730878H";"CFA BTP DES SAVOIES";"AUVERGNE-RHONE-ALPES";;38;66;70;-4;75
"0731302U";"Greta Savoie";"AUVERGNE-RHONE-ALPES";;;;;;
"0731341L";"CFA DE LA COIFFURE ET DES METIERS DE LA VENTE";"AUVERGNE-RHONE-ALPES";;44;60;49;11;62
"0731505P";"CFAI DE SAVOIE";"AUVERGNE-RHONE-ALPES";;29;73;73;0;82
"0731506R";"CFA TECHNOPOLYS";"AUVERGNE-RHONE-ALPES";;37;72;72;0;75
"0740290N";"CFA de la Coiffure Gabriel Fauré";"AUVERGNE-RHONE-ALPES";;42;70;65;5;72
"0740298X";"CFA Institut des Métiers et des Techniques";"AUVERGNE-RHONE-ALPES";;28;75;69;5;76
"0741158G";"CFA de Groisy";"AUVERGNE-RHONE-ALPES";;39;66;64;2;74
"0741251H";"CFA de la Carrosserie Automobile";"AUVERGNE-RHONE-ALPES";;38;75;64;11;73
"0741322K";"Greta Lac";"AUVERGNE-RHONE-ALPES";;;;;;
"0741540X";"CFA Formasup Pays de Savoie";"AUVERGNE-RHONE-ALPES";;58;77;68;9;80
"0741677W";"CFA FORMAVENIR";"AUVERGNE-RHONE-ALPES";;34;66;74;-8;72
"0750738V";"Centre de Formation d'apprentis - Ecole des fleuristes de Paris";"ILE-DE-FRANCE";;34;60;65;-5;60
"0750761V";"CFA de l'Institut Français de la Mode";"ILE-DE-FRANCE";;48;;;;
"0750765Z";"Centre de Formation d'apprentis - Bijouterie-Joaillerie de Paris";"ILE-DE-FRANCE";;33;77;72;5;75
"0750768C";"Centre de Formation d'apprentis - Charcuterie";"ILE-DE-FRANCE";;38;62;62;0;64
"0751452W";"Centre de Formation d'apprentis - Métiers de l'ameublement";"ILE-DE-FRANCE";;31;;;;
"0751457B";"Centre de Formation d'apprentis - Optique";"ILE-DE-FRANCE";;35;84;72;12;85
"0751475W";"Centre de Formation d'apprentis - Equipement électrique";"ILE-DE-FRANCE";;52;66;66;1;65
"0751488K";"Centre de Formation d'apprentis - Ecole du travail ORT";"ILE-DE-FRANCE";;41;50;62;-12;45
"0751489L";"Centre de Formation d'apprentis - Miroiterie";"ILE-DE-FRANCE";;29;49;61;-12;66
"0751497V";"Centre de Formation d'apprentis - Pharmacie Paris-Ile de France";"ILE-DE-FRANCE";;31;71;72;-1;70
"0751503B";"Centre de Formation d'apprentis - Métiers de la viande";"ILE-DE-FRANCE";;39;72;69;2;72
"0751508G";"Centre de Formation d'apprentis - St Lambert Maçonnerie";"ILE-DE-FRANCE";;36;70;65;4;80
"0751510J";"Centre de Formation d'apprentis - Alimentation et Hôtellerie";"ILE-DE-FRANCE";;33;54;60;-6;62
"0752068R";"Centre de Formation d'apprentis - Commerce de l'alimentation";"ILE-DE-FRANCE";;23;43;54;-11;51
"0752206R";"Centre de Formation d'apprentis - Stephenson";"ILE-DE-FRANCE";;40;58;58;0;61
"0752280W";"Centre de Formation d'apprentis - FERRANDI Paris";"ILE-DE-FRANCE";;41;63;62;2;70
"0752314H";"Centre de Formation d'apprentis - Opérateur-Géomètre";"ILE-DE-FRANCE";;30;64;71;-7;66
"0752830U";"Centre de Formation d'apprentis - Métiers de la table";"ILE-DE-FRANCE";;37;57;61;-4;65
"0752868K";"Centre de formation d'apprentis - Compagnons du devoir";"ILE-DE-FRANCE";;49;75;64;11;71
"0752944T";"Centre de Formation d'apprentis - Bureautique appliquée";"ILE-DE-FRANCE";;37;56;57;0;63
"0753007L";"Centre de Formation d'apprentis - Alimentation-Hôtellerie";"ILE-DE-FRANCE";;25;62;61;2;62
"0754440U";"Institut des techniques informatiques et commerciales";"ILE-DE-FRANCE";;100;;;;
"0754457M";"Centre de Formation d'apprentis DIFCAM Banque et Assurances";"ILE-DE-FRANCE";;61;59;61;-2;74
"0754458N";"Centre de Formation d'apprentis Cerfal - Gestion Bureautique";"ILE-DE-FRANCE";;35;59;59;0;60
"0754471C";"Centre de Formation d'apprentis - Commerce Distribution et Services";"ILE-DE-FRANCE";;36;51;58;-7;53
"0754497F";"Centre de Formation d'apprentis - Université Pierre-et-Marie-Curie-Paris VI";"ILE-DE-FRANCE";;72;;;;
"0754674Y";"CFA pour l'Expertise Comptable";"ILE-DE-FRANCE";;48;59;55;4;59
"0754679D";"Centre de Formation d'apprentis - SACEF";"ILE-DE-FRANCE";;28;62;57;5;60
"0754718W";"Centre de Formation d'apprentis - Métiers de l'animation sportive et socioculturelle";"ILE-DE-FRANCE";;71;;;;
"0754755L";"Centre de Formation d'apprentis - Boulangerie et Patisserie";"ILE-DE-FRANCE";;43;74;64;10;67
"0754792B";"Centre de Formation d'apprentis - Compagnons du devoir Ile de France";"ILE-DE-FRANCE";;34;66;62;4;69
"0754815B";"Centre de Formation d'apprentis - Industries agro-alimentaires d'Ile de France";"ILE-DE-FRANCE";;;;;;
"0754816C";"Centre de Formation d'apprentis - Edition";"ILE-DE-FRANCE";;61;;;;
"0754850P";"Centre de Formation d'apprentis - Paris académie entreprises";"ILE-DE-FRANCE";;27;;;;
"0754926X";"Centre de Formation d'apprentis - Danse Chant et Comédie";"ILE-DE-FRANCE";;42;66;57;9;47
"0754927Y";"Centre de Formation d'apprentis - Formasup Paris Ile-de-France";"ILE-DE-FRANCE";;77;52;56;-4;48
"0754955D";"Centre de Formation d'apprentis - Ecole des métiers de la mode et de la décoration";"ILE-DE-FRANCE";;14;54;61;-8;58
"0754969U";"Centre de Formation d'apprentis - CCI Paris Gobelins école de l'image";"ILE-DE-FRANCE";;37;44;53;-9;46
"0755088Y";"Centre de Formation d'apprentis - Université et sports";"ILE-DE-FRANCE";;72;;;;
"0755111Y";"Centre de Formation d'Apprentis Public Bessières";"ILE-DE-FRANCE";;41;62;68;-6;66
"0755197S";"Centre de Formation d'apprentis - Institut des métiers et des compétences";"ILE-DE-FRANCE";;33;57;62;-4;62
"0755221T";"Centre de Formation d'apprentis - Santé animale";"ILE-DE-FRANCE";;1;77;65;12;86
"0755432X";"Centre de Formation d'apprentis - INSTA";"ILE-DE-FRANCE";;44;59;59;0;61
"0755758B";"Aureïs Formation";"ILE-DE-FRANCE";;;;;;
"0755777X";"Pro Sap Formations";"ILE-DE-FRANCE";;13;52;41;11;54
"0755861N";"Centre de formation d'apprentis - Ferroviaire";"ILE-DE-FRANCE";;20;53;62;-9;45
"0755908P";"OpenClassrooms SAS";"ILE-DE-FRANCE";;;;;;
"0755984X";"OF-CFA Groupe Médicis - Formeko";"ILE-DE-FRANCE";;;;;;
"0755985Y";"OF-CFA CréActifs";"ILE-DE-FRANCE";;;;;;
"0755986Z";"OF-CFA Informatique et Gestion France";"ILE-DE-FRANCE";;35;;;;
"0755989C";"Fédération Française de Tennis - L'Institut de Formation du Tennis";"ILE-DE-FRANCE";;10;84;72;12;80
"0756000P";"Of-Cfa Webitech Paris - Nextgroup";"ILE-DE-FRANCE";;;;;;
"0756002S";"OF-CFA Schola Nova";"ILE-DE-FRANCE";;;;;;
"0756004U";"OF-CFA Centre de formation d'esthétique et de parfumerie";"ILE-DE-FRANCE";;26;48;42;7;48
"0756011B";"OF-CFA IPF Conseil et Ressources";"ILE-DE-FRANCE";;;;;;
"0756019K";"OF-CFA Fondation des Apprentis d'Auteuil";"ILE-DE-FRANCE";;38;;;;
"0756024R";"OF-CFA HABITAT-FORMATION";"ILE-DE-FRANCE";;;;;;
"0756044M";"OF-CFA Académie européenne de coiffure";"ILE-DE-FRANCE";;;;;;
"0761350E";"Centre de formation d'apprentis industriel de l'AFPI";"NORMANDIE";;36;66;71;-5;77
"0761801V";"Centre de formation d'apprentis de l'imprimerie et des industries graphiques AFI-LNR Mont-Saint-Aignan";"NORMANDIE";;46;55;54;0;52
"0761817M";"Bâtiment CFA Le Havre";"NORMANDIE";;49;59;64;-5;65
"0761819P";"Bâtiment CFA Rouen - espace Lanfry";"NORMANDIE";;45;63;64;0;68
"0761820R";"Bâtiment CFA Dieppe";"NORMANDIE";;53;59;68;-9;66
"0762232N";"Centre de formation d'apprentis de la coiffure Marc Ruyer";"NORMANDIE";;37;68;66;3;73
"0762312A";"Centre de formation d'apprentis de la Chataigneraie - Automobile";"NORMANDIE";;33;72;70;1;74
"0762403Z";"Centre de formation d'apprentis IFA Marcel Sauvage";"NORMANDIE";;30;66;63;3;71
"0762624P";"Greta Rouen";"NORMANDIE";;31;45;56;-11;50
"0762652V";"Centre de formation d'apprentis agricole de Seine-Maritime";"NORMANDIE";;46;66;63;3;70
"0762760M";"Centre de formation d'apprentis agricole horticole";"NORMANDIE";;33;54;59;-5;69
"0763003B";"Centre de formation d'apprentis Promotrans Normandie";"NORMANDIE";;22;69;71;-2;75
"0763090W";"Centre de Formation Continue et par Alternance de l'Université de Rouen Normandie";"NORMANDIE";;63;73;67;6;73
"0763092Y";"Centre de formation d'apprentis CCI and Caux";"NORMANDIE";;26;65;63;1;66
"0763093Z";"Centre de formation d'apprentis opérateur - IFP Training";"NORMANDIE";;1;87;75;12;97
"0763119C";"Centre de formation d'apprentis des métiers de la banque et de la finance";"NORMANDIE";;45;;;;
"0763150L";"Centre de formation d'apprentis de l'industrie Rouen-Dieppe";"NORMANDIE";;31;69;74;-5;79
"0763152N";"Institut national de la boulangerie pâtisserie";"NORMANDIE";;17;75;64;11;71
"0763153P";"Centre de formation d'apprentis Jeanne d'Arc";"NORMANDIE";;26;69;63;6;70
"0763154R";"Centre de formation d'apprentis de l'école du commerce et de la distribution";"NORMANDIE";;24;69;63;6;78
"0763164B";"Centre de formation d'apprentis de l'Université du Havre";"NORMANDIE";;75;83;71;12;78
"0763434V";"Centre de formation d'apprentis du Rouen Hockey Elite";"NORMANDIE";;;;;;
"0763465D";"Organisme de formation-Centre de formation d'apprentis- Institut de la Formation Professionnelle en région académique Nomandie Rouen";"NORMANDIE";;36;58;60;-2;63
"0763491G";"Centre de formation d'apprentis de la chambre des métiers et de l'artisanat de la Seine-Maritime";"NORMANDIE";;42;57;55;2;64
"0771654E";"CFA du Bâtiment et des Travaux Publics";"ILE-DE-FRANCE";;36;59;62;-2;62
"0771817G";"OF CFA de Seine et Marne";"ILE-DE-FRANCE";;33;51;53;-1;54
"0772241T";"CFA de l'industrie de Seine-et-Marne";"ILE-DE-FRANCE";;46;66;69;-3;83
"0772319C";"CFA du Bâtiment et Travaux Publics";"ILE-DE-FRANCE";;38;54;65;-11;61
"0772447S";"Centre de Formation d'Apprentis Ingénierus 2000";"ILE-DE-FRANCE";;72;47;57;-11;40
"0772468P";"ADEFSA CFA Descartes";"ILE-DE-FRANCE";;61;46;58;-12;52
"0772547A";"CFA des Compagnons du Tour de France IDF";"ILE-DE-FRANCE";;50;72;68;4;73
"0772690F";"CMA IDF - 77 - IMA du Pays de Montereau";"ILE-DE-FRANCE";;37;61;56;4;65
"0772742M";"CFA UTEC";"ILE-DE-FRANCE";;40;55;60;-5;63
"0772860R";"CFA de la Mobilité Urbaine Durable";"ILE-DE-FRANCE";;1;74;62;12;79
"0772889X";"Nautisme en Ile-de-France";"ILE-DE-FRANCE";;;;;;
"0772890Y";"CFA COGEFI Formation SA";"ILE-DE-FRANCE";;;;;;
"0780293V";"Centre de formation d'apprentis de la Pharmacie, de la Santé, du Sanitaire et du Social";"ILE-DE-FRANCE";;21;52;55;-3;53
"0780424M";"Site de formation d'apprentis CMA78 - CFA de Versailles - Yvelines";"ILE-DE-FRANCE";;31;67;61;6;67
"0780762E";"Organisme de formation-Centre de formation d'apprentis - Transport et logistique Aftral - le Tremblay-sur-Mauldre";"ILE-DE-FRANCE";;21;66;67;-1;72
"0780819S";"Centre de formation d'apprentis du Batiment et des travaux publics";"ILE-DE-FRANCE";;33;69;70;-1;69
"0781203J";"Centre de formation d'apprentis La Navigation Fluviale";"ILE-DE-FRANCE";;13;;;;
"0781779K";"CFA des Yvelines";"ILE-DE-FRANCE";;31;60;55;5;67
"0781858W";"H3 Campus Poissy";"ILE-DE-FRANCE";;;;;;
"0781897N";"Site de formation d'apprentis - l'EA - les écoles des éco-activités - CCI Paris Ile-de-France";"ILE-DE-FRANCE";;39;64;63;0;68
"0781981E";"Site de formation d'apprentis - Sup de Vente - Saint-Germain-en-Laye";"ILE-DE-FRANCE";;41;;;;
"0782058N";"Site de formation d'apprentis - Ecole supérieure des systèmes de management CCI Paris Ile-de-France";"ILE-DE-FRANCE";;50;71;65;5;71
"0782090Y";"Site de formation d'apprentis -  Institut supérieur international du parfum, de la cosmétique et de l'aromatique alimentaire";"ILE-DE-FRANCE";;23;61;63;-2;68
"0782092A";"AFIPE   Vente - Commerce";"ILE-DE-FRANCE";;44;50;55;-5;59
"0782093B";"Centre de formation d'apprentis Trajectoire";"ILE-DE-FRANCE";;63;60;58;2;65
"0782110V";"Centre de formation d'apprentis Omnisports";"ILE-DE-FRANCE";;24;54;47;6;60
"0782113Y";"CFA CEZ Rambouillet";"ILE-DE-FRANCE";;28;;;;
"0782120F";"Centre de formation d'apprentis Maison familiale rurale de la Grange Colombe";"ILE-DE-FRANCE";;27;50;42;9;55
"0783366K";"CFA du CHEPP Tremblay sur mauldre";"ILE-DE-FRANCE";;27;67;58;10;73
"0783545E";"Ecole Supérieure ENSUP";"ILE-DE-FRANCE";;;;;;
"0783593G";"Centre de formation d'apprentis Versailles Académie Avenir Apprentissage";"ILE-DE-FRANCE";;36;54;58;-4;59
"0783606W";"CFA DES METIERS DE L AGRICULTURE";"ILE-DE-FRANCE";;26;49;52;-3;51
"0783654Y";"CFA AFOMAV (Centre de formation d'apprentis Association de formation aux métiers de l'Audiovisuel)";"ILE-DE-FRANCE";;12;53;54;-1;52
"0790924A";"Site de formation d'apprentis du Campus des Métiers de Niort";"NOUVELLE-AQUITAINE";;42;68;65;3;73
"0791046H";"CFA des Deux Sèvres";"NOUVELLE-AQUITAINE";;42;57;59;-2;64
"0791175Y";"Centre de formation d'apprentis sanitaire et social Nouvelle Aquitaine";"NOUVELLE-AQUITAINE";;24;57;54;4;59
"0791180D";"Centre de Formation d'Apprentis Sport Animation Nouvelle Aquitaine - Site de Niort";"NOUVELLE-AQUITAINE";;42;;;;
"0791189N";"Centre de formation continue Les Formations du Marais";"NOUVELLE-AQUITAINE";;;;;;
"0801302F";"CFA BTP somme";"HAUTS-DE-FRANCE";;47;52;64;-11;61
"0801558J";"CFA INTERFOR SIA";"HAUTS-DE-FRANCE";;36;57;55;2;60
"0801967D";"CFA DE L'ECONOMIE SOCIALE ET SOLIDAIRE, DE L'ANIMATION ET DU SPORT";"HAUTS-DE-FRANCE";;3;70;58;12;78
"0801998M";"CFA DE LA SOMME";"HAUTS-DE-FRANCE";;25;48;50;-3;54
"0802002S";"CFA IRFA APISUP";"HAUTS-DE-FRANCE";;51;51;58;-7;63
"0802004U";"AFTRAL CFA Transport Logistique Hauts de France";"HAUTS-DE-FRANCE";;9;72;67;5;81
"0802078Z";"CFA CREF pharmacie";"HAUTS-DE-FRANCE";;31;72;66;6;76
"0802084F";"Centre de formation d'apprentis de l'académie d'amiens";"HAUTS-DE-FRANCE";;30;66;67;0;69
"0802093R";"CFA banques picardie";"HAUTS-DE-FRANCE";;;;;;
"0810791V";"Centre de formation d'apprentis Chambre des métiers du Tarn";"OCCITANIE";;37;53;57;-4;60
"0810797B";"Centre de formation d'apprentis union nationale des industries des carrieres et materiaux de constructions Occitanie";"OCCITANIE";;35;68;70;-2;76
"0811238F";"Centre de Formation des familiales rurales";"OCCITANIE";;15;40;46;-5;50
"0811239G";"Centre de formation d'apprentis Maurice-Emile-Pezous";"OCCITANIE";;37;64;67;-3;71
"0811343V";"CFA du Tarn";"OCCITANIE";;35;;;;
"0820746R";"Centre de Formation d'Apprentis Départemental Ecole des métiers";"OCCITANIE";;29;58;57;1;62
"0820807G";"Centre de formation des apprentis agricole du  Tarn-et-Garonne  EPLA de Montauban";"OCCITANIE";;25;58;52;5;62
"0830704P";"Ctre de formation d'apprentis ass. prof. form. prépa. pharmacie";"PROVENCE-ALPES-COTE D'AZUR";;12;76;79;-3;76
"0831136J";"Ctre de formation d'apprentis bâtiment TP Toulon";"PROVENCE-ALPES-COTE D'AZUR";;39;46;58;-12;57
"0831374T";"Ctre de formation d'apprentis chambre des métiers Le Beausset";"PROVENCE-ALPES-COTE D'AZUR";;36;54;58;-4;69
"0831375U";"Ctre de formation d'apprentis Chambre des métiers St Maximin";"PROVENCE-ALPES-COTE D'AZUR";;34;55;57;-2;64
"0831377W";"Ctre de formation d'apprentis chambre des métiers Les Arcs";"PROVENCE-ALPES-COTE D'AZUR";;30;51;52;-2;65
"0831608X";"Ctre de formation d'apprentis IPFM métiers de la mer";"PROVENCE-ALPES-COTE D'AZUR";;31;55;56;-1;62
"0831710H";"Ecole supérieure privée SUP IPGV - Groupe Someform";"PROVENCE-ALPES-COTE D'AZUR";;;;;;
"0840526R";"CFA FLORENTIN MOURET";"PROVENCE-ALPES-COTE D'AZUR";;42;54;59;-5;60
"0840709P";"CFA CCI de Vaucluse";"PROVENCE-ALPES-COTE D'AZUR";;30;57;59;-3;70
"0840733R";"CFA CHAMBRE DES METIERS VAUCLUSE";"PROVENCE-ALPES-COTE D'AZUR";;39;61;57;4;68
"0840800N";"FC La Bastide des Jourdans";"PROVENCE-ALPES-COTE D'AZUR";;35;55;57;-2;63
"0841022E";"CFA REGIONAL DU VAUCLUSE";"PROVENCE-ALPES-COTE D'AZUR";;37;53;57;-4;59
"0841035U";"Institut de Formation des Industries Agro-alimentaires IFRIA Sud PACA";"PROVENCE-ALPES-COTE D'AZUR";;28;79;69;10;85
"0841037W";"cfai 84";"PROVENCE-ALPES-COTE D'AZUR";;36;61;71;-10;68
"0841204C";"PROVENCE FORMATION ERUDIS";"PROVENCE-ALPES-COTE D'AZUR";;;;;;
"0850153E";"Site de formation d apprentis de l'URMA Vendée - La Roche-sur-Yon";"PAYS DE LA LOIRE";;45;70;65;4;79
"0851196N";"AFPIA Grand Ouest - CFA de AFPIA SOLFI2A";"PAYS DE LA LOIRE";;14;87;75;12;86
"0851313R";"GRETA-CFA de Vendée";"PAYS DE LA LOIRE";;;;;;
"0851345A";"ASSOCIATION DU CENTRE DE FORMATION D APPRENTIS DES MAISONS FAMILIALES DE VENDEE";"PAYS DE LA LOIRE";;44;67;64;3;76
"0851372E";"CFA La Roche sur Yon";"PAYS DE LA LOIRE";;55;66;56;10;76
"0851412Y";"BTP CFA Vendée - BTP CFA Pays de Loire";"PAYS DE LA LOIRE";;55;76;69;8;78
"0851461B";"Centre de formation continue école supérieure de l'alternance";"PAYS DE LA LOIRE";;;;;;
"0851537J";"cfa de l'enseignement catholique de vendée";"PAYS DE LA LOIRE";;47;67;68;0;72
"0851570V";"Centre de formation d'apprentis éducation nationale 85";"PAYS DE LA LOIRE";;29;65;68;-2;78
"0860841X";"Site de formation d'apprentis du Campus des Métiers de la Vienne";"NOUVELLE-AQUITAINE";;46;67;65;3;73
"0860845B";"Centre de Formation d'Apprentis du Batîment 86";"NOUVELLE-AQUITAINE";;46;65;68;-3;72
"0860995P";"Cfa Chambre de Commerce et d'insdustrie de Poitiers";"NOUVELLE-AQUITAINE";;28;67;64;3;72
"0861219H";"CFA de la Vienne";"NOUVELLE-AQUITAINE";;35;63;62;2;70
"0861231W";"Centre de formation d'apprentis AFTRAL 86";"NOUVELLE-AQUITAINE";;21;70;70;1;79
"0861252U";"Centre de Plein Air MJC Lathus";"NOUVELLE-AQUITAINE";;;;;;
"0861253V";"Centre de Formation d'Apprentis industriel Poitou-Charentes";"NOUVELLE-AQUITAINE";;28;71;72;-1;74
"0861294P";"Institut supérieur de formation par alternance et continue ISFAC";"NOUVELLE-AQUITAINE";;;;;;
"0861360L";"Centre de formation d'Apprentis Isaac de l'Etoile";"NOUVELLE-AQUITAINE";;26;73;71;2;73
"0861416X";"cfa Sup Nouvelle Aquitaine";"NOUVELLE-AQUITAINE";;58;78;67;10;88
"0861419A";"Centre de formation d'apprentis Académique de Poitiers";"NOUVELLE-AQUITAINE";;25;68;68;1;77
"0861423E";"centre de formation d'apprentis regional des MFR";"NOUVELLE-AQUITAINE";;32;64;59;5;69
"0870606L";"CFA ESPACE GALIEN 87";"NOUVELLE-AQUITAINE";;19;84;81;3;88
"0870773T";"CFA MOULIN RABAUD";"NOUVELLE-AQUITAINE";;42;60;59;1;67
"0870974L";"CFA de la Haute Vienne";"NOUVELLE-AQUITAINE";;39;58;60;-2;68
"0870987A";"CFA BATIMENT LIMOGES";"NOUVELLE-AQUITAINE";;42;63;65;-3;64
"0875017F";"CFA ENS SUPERIEUR REGION LIMOUSIN";"NOUVELLE-AQUITAINE";;38;66;64;2;68
"0875030V";"CFA de la céramique";"NOUVELLE-AQUITAINE";;;;;;
"0875084D";"CTRE DE FORMATION D'APPRENTIS DE L'ACADEMIE DE LIMOGES";"NOUVELLE-AQUITAINE";;29;58;60;-2;63
"0881104X";"Site de formation d apprentis de la CMA Grand Est d'Epinal";"GRAND EST";;45;56;59;-3;59
"0881108B";"CFA Hotelier JBS Chardin";"GRAND EST";;34;65;59;6;66
"0881269B";"BTP CFA Vosges";"GRAND EST";;43;56;61;-6;61
"0881493V";"CFA Papetier";"GRAND EST";;33;74;71;2;76
"0881529J";"Greta Lorraine Sud";"GRAND EST";;;;;;
"0881578M";"Centre de formation professionnelle de Roville";"GRAND EST";;40;49;58;-9;59
"0881579N";"CFA des Vosges";"GRAND EST";;27;;;;
"0881672P";"CFA de la CCI des Vosges";"GRAND EST";;27;61;61;0;64
"0881719R";"CFA des métiers de la piscine";"GRAND EST";;45;;;;
"0881745U";"CFA patrimoine architectural arts de la pierre";"GRAND EST";;36;;;;
"0881755E";"Centre de Formation d'Apprentis de la Transformation du Bois";"GRAND EST";;38;;;;
"0881760K";"CFA AFPIA EST-NORD";"GRAND EST";;41;62;69;-7;62
"0890992V";"CFA INTERPROFESSIONNEL";"BOURGOGNE-FRANCHE-COMTE";;39;56;55;0;62
"0891132X";"CFA de l'Yonne";"BOURGOGNE-FRANCHE-COMTE";;28;43;47;-4;50
"0891185E";"Pôle Formation des Industries Technologiques Bourgogne 58-89";"BOURGOGNE-FRANCHE-COMTE";;34;69;72;-3;77
"0900239W";"CFA Municipal Jackie Drouet";"BOURGOGNE-FRANCHE-COMTE";;43;57;59;-2;61
"0900378X";"CFAA du Territoire de Belfort";"BOURGOGNE-FRANCHE-COMTE";;31;61;66;-5;65
"0911333E";"Centre de formation d'apprentis des métiers du bâtiment et de la construction";"ILE-DE-FRANCE";;41;56;66;-11;63
"0912003H";"Centre de Formations d'apprentis AFIA Informatique";"ILE-DE-FRANCE";;79;59;58;1;63
"0912021C";"Centre de formation d'apprentis Union";"ILE-DE-FRANCE";;72;72;66;6;74
"0912098L";"Centre de formation d'apprentis Maison Familiale Rurale Moulin de la Planche";"ILE-DE-FRANCE";;43;48;54;-5;50
"0912119J";"Centre de formation d' apprentis Evry Val d'Essonne";"ILE-DE-FRANCE";;56;57;60;-3;65
"0912127T";"Centre de formation d'apprentis Métiers de l'Aérien";"ILE-DE-FRANCE";;33;54;66;-12;45
"0912140G";"Centre de formation d'apprentis interprofessionnel Gustave Eiffel";"ILE-DE-FRANCE";;36;72;69;3;67
"0912267V";"Centre de formation d'apprentis Faculté des Métiers de l'Essonne";"ILE-DE-FRANCE";;37;62;61;1;65
"0912268W";"Centre de formation d'apprentis Association pour la Formation aux Techniques Industrielles";"ILE-DE-FRANCE";;;;;;
"0921379Z";"Centre de formation d'apprentis des métiers du bâtiment BTP CFA";"ILE-DE-FRANCE";;50;59;63;-4;60
"0921667M";"Centre de formation d'apprentis de la Fédération Française de carrosserie CARPROMO";"ILE-DE-FRANCE";;35;56;68;-12;63
"0922139A";"Institut Supérieur de formation en alternance PlusValues";"ILE-DE-FRANCE";;76;;;;
"0922274X";"CFA  Ducretet Ile de France";"ILE-DE-FRANCE";;27;60;57;3;63
"0922275Y";"Centre de formation d'apprentis Institut de Formation et de Perfectionnement aux Métiers";"ILE-DE-FRANCE";;40;64;61;3;61
"0922292S";"Centre de formation d'apprentis de l'Industrie chimique et pharmaceutique";"ILE-DE-FRANCE";;62;45;57;-12;54
"0922377J";"Centre de formation d'apprentis du supérieur ISIFA Commerce Gestion Bureautique";"ILE-DE-FRANCE";;29;48;57;-9;58
"0922379L";"Centre de formation d'apprentis AGEFA PME Ile de france";"ILE-DE-FRANCE";;35;55;60;-5;56
"0922384S";"Sup De Vinci";"ILE-DE-FRANCE";;37;57;57;0;64
"0922454T";"Centre de formation d'aprentis CESFA BTP - Ingénieur  BTP";"ILE-DE-FRANCE";;27;53;51;2;60
"0922585K";"Centre de formation d'apprentis de l'Industrie Mécavenir";"ILE-DE-FRANCE";;52;56;68;-12;59
"0922594V";"Centre de formation d'apprentis C3CFA";"ILE-DE-FRANCE";;30;60;60;0;64
"0922627F";"Centre de formation d'apprentis des métiers territoriaux";"ILE-DE-FRANCE";;5;;;;
"0922650F";"Centre de formation d'apprentis de l'Assurance";"ILE-DE-FRANCE";;72;73;70;3;71
"0922661T";"Centre de formation d'apprentis Association pour le Développement de l'Apprentissage et la Formation aux métiers Sanitaires Sociaux et médico-sociaux";"ILE-DE-FRANCE";;10;61;50;10;64
"0922673F";"Centre de formation d'apprentis Association Comptables Métiers et Professions";"ILE-DE-FRANCE";;35;70;61;9;61
"0922675H";"Centre de formation d'apprentis AFORP";"ILE-DE-FRANCE";;38;61;68;-6;68
"0922778V";"Centre de formation d'apprentis";"ILE-DE-FRANCE";;36;78;76;3;82
"0922791J";"Centre de Formation d'Apprentis - Métiers banque et finance d'Ile-de-France";"ILE-DE-FRANCE";;46;59;60;0;59
"0922853B";"Organisme de formation-Centre de formation d'apprentis Compétences Commerce - International";"ILE-DE-FRANCE";;;;;;
"0922863M";"Organisme de formation-Centre de formation d'apprentis IMIE Paris Institut de la Filière Numérique - Levallois-Perret";"ILE-DE-FRANCE";;;;;;
"0931618D";"CMA IDF - 93 - Campus des Métiers et de l'Entreprise";"ILE-DE-FRANCE";;28;58;57;1;62
"0931815T";"CFA du Bâtiment et des Travaux Publics";"ILE-DE-FRANCE";;37;55;63;-8;56
"0932217E";"CEFAA - STELO FORMATION";"ILE-DE-FRANCE";;41;51;57;-6;53
"0932230U";"CFA du Bâtiment et Travaux Publics";"ILE-DE-FRANCE";;33;63;63;1;69
"0932305A";"CFA du Spectacle Vivant et de l'Audiovisuel";"ILE-DE-FRANCE";;24;55;43;12;48
"0932330C";"CFA de la Librairie et de la Papeterie de Détail";"ILE-DE-FRANCE";;7;64;64;0;70
"0932331D";"CFA Métiers de la Communication et de Création Numérique";"ILE-DE-FRANCE";;41;;;;
"0932343S";"CFA CAMAS";"ILE-DE-FRANCE";;10;45;57;-12;47
"0932469D";"CFA CNAM Ile de France";"ILE-DE-FRANCE";;43;63;62;1;70
"0932492D";"CFA du Cycle et du Motocycle - INCM";"ILE-DE-FRANCE";;29;71;67;4;74
"0932505T";"Centre de Formation d'Apprentis des Métiers de la Poste Formaposte";"ILE-DE-FRANCE";;8;49;60;-10;54
"0932747F";"Institut de Soudure Industrielle";"ILE-DE-FRANCE";;;;;;
"0932748G";"CFA Institut Prozdor";"ILE-DE-FRANCE";;;;;;
"0932751K";"Agence Nationale pour la Formation Professionnelle des Adultes - Entreprises";"ILE-DE-FRANCE";;24;60;57;3;58
"0941466H";"CFA De la Couverture et de la Plomberie";"ILE-DE-FRANCE";;44;69;67;3;74
"0941609N";"Cfa du marché international de Rungis - Cfa de la poissonnerie";"ILE-DE-FRANCE";;11;58;54;5;58
"0941906L";"LEA-CFI L'école connectée au futur de l'industrie";"ILE-DE-FRANCE";;43;69;70;-1;75
"0941925G";"CFA Environnement et hygiène des locaux";"ILE-DE-FRANCE";;33;42;47;-5;46
"0941939X";"Centre de Formation d'Apprentis CFA Sup 2000";"ILE-DE-FRANCE";;71;56;61;-5;58
"0941940Y";"CMA IDF - 94 - CFA de Saint-Maur";"ILE-DE-FRANCE";;42;57;58;-1;59
"0942024P";"OF CFA AFASEC GROS BOIS";"ILE-DE-FRANCE";;11;74;66;8;74
"0942169X";"Institut Européen de Formation en Ingénierie Informatique- IEF2I";"ILE-DE-FRANCE";;;;;;
"0942202H";"CFA Académique de Créteil";"ILE-DE-FRANCE";;29;59;59;-1;62
"0942215X";"CFA AFANEM";"ILE-DE-FRANCE";;37;73;73;0;78
"0942217Z";"CFA INFA";"ILE-DE-FRANCE";;13;38;40;-3;37
"0942262Y";"Centre de Formation d'Apprentis AFORPA";"ILE-DE-FRANCE";;36;69;70;-2;71
"0942288B";"CFA GESTES Formation";"ILE-DE-FRANCE";;35;59;63;-4;64
"0951285F";"Centre de formation d'apprentis Garac - Ecole nationale des Professions de l'Automobile";"ILE-DE-FRANCE";;45;71;73;-2;74
"0951286G";"Centre de formation d'apprentis Adolphe Chauvin CCI Paris Ile-de-France";"ILE-DE-FRANCE";;41;69;68;1;65
"0951625A";"Centre de formation d'apprentis des métiers du bâtiment BTP CFA";"ILE-DE-FRANCE";;41;60;63;-2;60
"0951684P";"Centre de formation d'apprentis Promotrans Gonesse";"ILE-DE-FRANCE";;29;39;51;-12;50
"0951721E";"Site de formation d'apprentis - Sup de Vente ESSYM";"ILE-DE-FRANCE";;31;61;59;2;62
"0951798N";"Site de formation d'apprentis - ESIEE IT Site de Pontoise CFA CCI Paris Ile-de-France";"ILE-DE-FRANCE";;62;46;58;-12;60
"0951830Y";"Centre de formation d'apprentis Fraternité Saint Jean";"ILE-DE-FRANCE";;32;62;59;3;64
"0951938R";"Centre de formation d'apprentis Institut de l'Environnement Urbain";"ILE-DE-FRANCE";;20;67;65;2;62
"0951947A";"Centre de formation d'apprentis de l'Association Francilienne de Formation  Interprofessionnelle pour le développement de l'apprentissage";"ILE-DE-FRANCE";;43;56;61;-5;58
"0951963T";"Site de formation d'apprentis CMA95 - IMA Val Parisis - Eaubonne - Val d'Oise";"ILE-DE-FRANCE";;38;57;55;3;59
"0952209K";"Antenne du Centre de formation d'apprentis Métiers de l'Aérien";"ILE-DE-FRANCE";;9;31;32;-1;53
"0952254J";"Organisme de formation-Centre de formation d'apprentis Institut de formation et de conseil adaptés aux entreprises Cergy";"ILE-DE-FRANCE";;;;;;
"6200042B";"Centre de formation d'apprentis Corse du Sud";"CORSE";;37;48;56;-8;56
"6200189L";"CFA Sartène";"CORSE";;23;25;37;-12;60
"6200713F";"Centre de formation d'apprentis Académique Ajaccio";"CORSE";;28;49;61;-12;60
"6200723S";"Section d'apprentissage privée Institut Consulaire Ajaccio";"CORSE";;18;48;60;-12;65
"7200157H";"CFA Borgo";"CORSE";;27;30;41;-11;37
"7200675W";"Centre de formation d'apprentis Haute Corse";"CORSE";;35;46;54;-8;53
"7200680B";"CFA ECOLE COMMERCE ET MANAGEMENT CORSICA BORGO";"CORSE";;39;64;63;1;68
"7200730F";"Centre de formation d'apprentis Université de Corse";"CORSE";;61;50;61;-11;61
"9710646A";"Cfa Chambre de métiers de la Guadeloupe";"GUADELOUPE";;14;33;37;-5;38
"9711039C";"Cfa Agricole de Convenance";"GUADELOUPE";;36;15;27;-12;17
"9711051R";"Cfa Cifab asfo";"GUADELOUPE";;15;40;48;-8;52
"9711071M";"Centre de formation d'apprentis polyvalent de l'académie de Guadeloupe";"GUADELOUPE";;26;60;54;6;61
"9711178D";"Cfa Jean Belloc";"GUADELOUPE";;4;8;20;-12;12
"9711179E";"Cfa fédér mais famil rural educ orient fdmfr ireo";"GUADELOUPE";;4;8;20;-12;15
"9711186M";"Cfa de la Cci";"GUADELOUPE";;31;54;49;5;56
"9711229J";"KALAMUS GUADELOUPE";"GUADELOUPE";;;;;;
"9711278M";"Greta de la Guadeloupe";"GUADELOUPE";;;;;;
"9720490A";"Chambre des Métiers";"MARTINIQUE";;19;42;50;-8;44
"9720632E";"CFA de la Martinique";"MARTINIQUE";;22;17;29;-12;21
"9720826R";"CENTRE DE FORMATION DU TERTIAIRE";"MARTINIQUE";;42;40;47;-7;40
"9720858A";"CENTRE DE FORMATION D'APPRENTIS";"MARTINIQUE";;22;31;43;-12;37
"9730142S";"CFA chambre des métiers de GUYANE";"GUYANE";;14;35;33;3;37
"9730350T";"Greta du Levant";"GUYANE";;;;;;
"9730446X";"CENTRE FORMATION APPRENTIS PUBLIC LPO MELKIOR GARRE";"GUYANE";;22;40;51;-11;48
"9730469X";"CFA DE LA CCI REG GUYANE";"GUYANE";;32;45;43;1;45
"9730492X";"CFA de la Guyane";"GUYANE";;6;17;28;-11;21
"9730527K";"Organisme de formation-Centre de formation d'apprentis de Equinoxe Formation Sas Cayenne";"GUYANE";;;;;;
"9730529M";"Organisme de formation-Centre de formation d'apprentis CFOP GUYANE Cayenne";"GUYANE";;;;;;
"9740922J";"CFA Saint Joseph";"LA REUNION";;19;31;32;-1;37
"9740983A";"CFA CCI FORMATION Chambre de commerce et d'industrie de la Réunion";"LA REUNION";;26;43;43;0;48
"9740986D";"Centre de Formation d'Apprentis Urma Sainte Clotilde";"LA REUNION";;22;46;40;6;48
"9740987E";"Centre de Formation d'Apprentis Urma  de Saint André";"LA REUNION";;24;41;45;-4;49
"9740988F";"Centre de Formation d'apprentis Urma de Saint Pierre  Campus Pro";"LA REUNION";;22;42;40;1;48
"9741084K";"Centhor Saint Gilles les hauts";"LA REUNION";;21;43;36;7;46
"9741089R";"Centre de Formation d'Apprentis Chambre des Métiers de l'Ouest";"LA REUNION";;22;44;43;1;51
"9741090S";"CFA FORMA TERRA";"LA REUNION";;27;22;24;-2;27
"9741177L";"Urma Centre de Formation du Port";"LA REUNION";;15;49;48;0;56
"9741566J";"Centre de formation des apprentis Université de la Réunion";"LA REUNION";;;;;;
"9741570N";"Centre de formation d'apprentis  Enseignement catholique de la Reunion";"LA REUNION";;42;51;40;11;51
"9741574T";"Centre de formation d'apprentis du sport de la Réunion - Ap Run Formation";"LA REUNION";;;;;;
"9741588H";"Centre de Formation d'Apprentis Académique";"LA REUNION";;58;43;50;-7;47
"9741595R";"Centre de formation d'apprentis - maison familiale rurale de Saint Pierre";"LA REUNION";;16;;;;
"9741665S";"Organisme de formation-Centre de formation d'apprentis Institut de formation de la Réunion Sainte Marie";"LA REUNION";;;;;;
"9741667U";"Organisme de formation-Centre de formation d'apprentis Réussir Saint Pierre";"LA REUNION";;;;;;
"9741668V";"Organisme de formation-Centre de formation d'apprentis Association Zététique Le Tampon";"LA REUNION";;42;;;;
"9741669W";"Organisme de formation-Centre de formation d'apprentis Tétranergy Saint Denis Ste clotilde";"LA REUNION";;41;41;46;-5;59
"9741674B";"Organisme de formation-Centre de formation d'apprentis Formation Par Excellence Alternée de Saint Louis";"LA REUNION";;;;;;
"9741677E";"Organisme de formation-Centre de formation d'aprentis Tétranergy  Saint Pierre";"LA REUNION";;;;;;
